school_name,candidate_url,candidate_title,query,result,chosen_url
国际关系学院,https://www.solveyourtech.com/,How to Open Control Panel in Windows 11: A Step-by-Step Guide,国际关系学院 官网,not-verified,
国际关系学院,https://www.elevenforum.com/,Open Control Panel in Windows 11,国际关系学院 官网,not-verified,
国际关系学院,https://learn.microsoft.com/,how do you get into the control panel for a windows 11!!!,国际关系学院 官网,not-verified,
国际关系学院,https://www.computerhope.com/,How to open the Windows Control Panel - Computer Hope,国际关系学院 官网,not-verified,
国际关系学院,https://beebom.com/,How to Open the Control Panel in Windows 11 (9 Methods),国际关系学院 官网,not-verified,
国际关系学院,https://www.digitalcitizen.life/,How to open Control Panel in Windows 11 - Digital Citizen,国际关系学院 官网,not-verified,
国际关系学院,https://www.intowindows.com/,8 Ways To Open Control Panel In Windows 11,国际关系学院 官网,not-verified,
国际关系学院,https://windowsforum.com/,How to Open Control Panel in Windows 11: Complete Methods …,国际关系学院 官网,not-verified,
中共中央党校(国家行政学院),https://golfguy.net/,Best Ping Wedges for Better Short Game Performance - Golf Guy,中共中央党校(国家行政学院) 官网,not-verified,
中共中央党校(国家行政学院),https://golfplayguide.com/,Best Wedges For Approach Shots: Top Picks & Tips,中共中央党校(国家行政学院) 官网,not-verified,
中共中央党校(国家行政学院),https://ping.com/,PING Golf Wedges | PING,中共中央党校(国家行政学院) 官网,not-verified,
中共中央党校(国家行政学院),https://www.thegolf.blog/,The 5 Best Golf Approach Wedges (Updated 2026),中共中央党校(国家行政学院) 官网,not-verified,
中共中央党校(国家行政学院),https://huffsports.com/,Best Ping Wedges For Every Golfer's Game In 2024,中共中央党校(国家行政学院) 官网,not-verified,
中共中央党校(国家行政学院),https://toolsandideas.com/,Best Golf Approach Wedges For Incredible Short Game …,中共中央党校(国家行政学院) 官网,not-verified,
中共中央党校(国家行政学院),https://www.golfdigest.com/,Ping s159 wedges: What you need to know - GolfDigest.com,中共中央党校(国家行政学院) 官网,not-verified,
中共中央党校(国家行政学院),https://mygolfspy.com/,Best Wedges of 2025 - MyGolfSpy,中共中央党校(国家行政学院) 官网,not-verified,
中国农业科学院,,,,no-candidate,
中国林业科学研究院,,,,no-candidate,
中国建筑设计研究院,,,,no-candidate,
北京机械工业自动化研究所,,,,no-candidate,
北京机电研究所,,,,no-candidate,
中国农业机械化科学研究院,,,,no-candidate,
核工业第二研究设计院,http://windowsupdate.microsoft.com/,Microsoft Windows Update,核工业第二研究设计院 官网,not-verified,
核工业第二研究设计院,https://support.microsoft.com/,Install Windows Updates - Microsoft Support,核工业第二研究设计院 官网,not-verified,
核工业第二研究设计院,https://blogs.windows.com/,How to get the Windows 11 2025 Update,核工业第二研究设计院 官网,not-verified,
核工业第二研究设计院,https://www.lifewire.com/,Latest Windows Service Packs and Updates (2026) - Lifewire,核工业第二研究设计院 官网,not-verified,
核工业第二研究设计院,https://woshub.com/,How to Manually Download and Install Windows Updates,核工业第二研究设计院 官网,not-verified,
核工业第二研究设计院,https://www.microsoft.com/,Download Windows 11 - microsoft.com,核工业第二研究设计院 官网,not-verified,
核工业第二研究设计院,https://www.neowin.net/,Windows 11 KB5083769 April 2026 Patch Tuesday update is now …,核工业第二研究设计院 官网,not-verified,
核工业第二研究设计院,https://www.forbes.com/,‘Starting In April’—Microsoft Changes Windows Update After 15 …,核工业第二研究设计院 官网,not-verified,
中国工程物理研究院,,,,no-candidate,
中国航空研究院,,,,no-candidate,
中国航空研究院(北京航空精密机械研究所),,,,no-candidate,
中国航空研究院(625所),,,,no-candidate,
中国航空规划设计研究总院有限公司,,,,no-candidate,
中国航空研究院(628所),,,,no-candidate,
中国航空研究院(北京长城计量测试技术研究所),,,,no-candidate,
中国电子科技集团有限公司研究生院,,,,no-candidate,
中国兵器科学研究院,,,,no-candidate,
中国航天科工集团第二研究院,,,,no-candidate,
中国航天科工集团第二研究院207所,,,,no-candidate,
中国航天系统科学与工程研究院,,,,no-candidate,
中国航天科工集团第三研究院,,,,no-candidate,
中国航天空气动力技术研究院,,,,no-candidate,
中国石油勘探开发研究院,,,,no-candidate,
北京橡胶工业研究设计院,,,,no-candidate,
北京市科学技术研究院资源环境研究所,,,,no-candidate,
交通运输部公路科学研究所,https://www.arthritis.org/,Participate in Arthritis Clinical Trials | Arthritis Foundation,交通运输部公路科学研究所 官网,not-verified,
交通运输部公路科学研究所,https://mail.google.com/,Gmail - Email from Google,交通运输部公路科学研究所 官方网站,not-verified,
交通运输部公路科学研究所,https://support.google.com/,Sign in to Gmail,交通运输部公路科学研究所 官方网站,not-verified,
交通运输部公路科学研究所,https://accounts.google.com/,Sign in – Google accounts,交通运输部公路科学研究所 官方网站,not-verified,
交通运输部公路科学研究所,https://workspace.google.com/,"Gmail: Secure, AI-Powered Email for Everyone | Google Workspace",交通运输部公路科学研究所 官方网站,not-verified,
交通运输部公路科学研究所,https://www.gmail.com/,About Gmail - Email. Chat. Video. Phone. - Google,交通运输部公路科学研究所 官方网站,not-verified,
交通运输部公路科学研究所,https://www.google.com/,Google,交通运输部公路科学研究所 官方网站,not-verified,
交通运输部公路科学研究所,https://play.google.com/,Gmail - Apps on Google Play,交通运输部公路科学研究所 官方网站,not-verified,
电信科学技术研究院,https://www.zuerich.com/,The Official Zurich City Guide | zuerich.com,电信科学技术研究院 官网,not-verified,
电信科学技术研究院,https://www.facebook.com/,Log into Facebook,电信科学技术研究院 官方网站,not-verified,
电信科学技术研究院,https://l.facebook.com/,Facebook,电信科学技术研究院 官方网站,not-verified,
电信科学技术研究院,https://m.me/,Facebook,电信科学技术研究院 官方网站,not-verified,
北京生物制品研究所,,,,no-candidate,
国家体育总局体育科学研究所,https://www.microsoft.com/,"Microsoft – AI, Cloud, Productivity, Computing, Gaming & Apps",国家体育总局体育科学研究所 官网,not-verified,
国家体育总局体育科学研究所,https://www.office.com/,Office 365 login,国家体育总局体育科学研究所 官网,not-verified,
国家体育总局体育科学研究所,https://account.microsoft.com/,Microsoft account | Sign In or Create Your Account Today – Microsoft,国家体育总局体育科学研究所 官网,not-verified,
国家体育总局体育科学研究所,https://www.nytimes.com/,Microsoft Targets About 7% of Its U.S. Workers With Buyout Offer,国家体育总局体育科学研究所 官网,not-verified,
国家体育总局体育科学研究所,https://www.forbes.com/,Microsoft’s First-Ever Employee Buyout: Here’s What They Could …,国家体育总局体育科学研究所 官网,not-verified,
国家体育总局体育科学研究所,https://www.yellowpages.com/,"Microsoft Corporation - Redmond, WA 98052 - The Real Yellow …",国家体育总局体育科学研究所 官网,not-verified,
国家体育总局体育科学研究所,https://www.cnn.com/,Microsoft to offer voluntary retirement to thousands of US …,国家体育总局体育科学研究所 官网,not-verified,
国家体育总局体育科学研究所,https://outlook.office.com/,Sign in to your account - outlook.office.com,国家体育总局体育科学研究所 官网,not-verified,
中国气象科学研究院,,,,no-candidate,
国家海洋环境预报中心,https://www.howtogeek.com/,10 Ways to Lock Your Windows 10 PC,国家海洋环境预报中心 官网,not-verified,
国家海洋环境预报中心,https://helpdeskgeek.com/,How to Quickly Lock Your Windows 11/10 PC - Help Desk Geek,国家海洋环境预报中心 官网,not-verified,
国家海洋环境预报中心,https://www.wikihow.com/,How to Password Protect Your Windows Computer: Step-by-Step - wikiHow,国家海洋环境预报中心 官网,not-verified,
国家海洋环境预报中心,https://www.solveyourtech.com/,How to Lock Computer Windows 11: A Step-by-Step Guide - Solve Your …,国家海洋环境预报中心 官网,not-verified,
国家海洋环境预报中心,https://www.geeksforgeeks.org/,How to Lock your Windows 10 PC (5 Easy Methods),国家海洋环境预报中心 官网,not-verified,
国家海洋环境预报中心,https://windowsloop.com/,5 Ways To Lock Your Windows System (11 & 10),国家海洋环境预报中心 官网,not-verified,
国家海洋环境预报中心,https://www.computerhope.com/,Quickly Lock Your Computer,国家海洋环境预报中心 官网,not-verified,
国家海洋环境预报中心,https://geekchamp.com/,How to Lock Your Windows 10 & 11 Computer Screen [Different …,国家海洋环境预报中心 官网,not-verified,
中国地震局地球物理研究所,,,,no-candidate,
中国地震局地震预测研究所,,,,no-candidate,
中国舰船研究院,,,,no-candidate,
中国石油化工股份有限公司石油化工科学研究院,,,,no-candidate,
北京市科学技术研究院城市安全与环境科学研究所,,,,no-candidate,
北京市生态环境保护科学研究院,,,,no-candidate,
北京市心肺血管疾病研究所,,,,no-candidate,
首都儿科研究所,https://answers.microsoft.com/,Object moved to here.,首都儿科研究所 官网,not-verified,
首都儿科研究所,https://www.britannica.com/,On This Day - What Happened Today In History | Britannica,首都儿科研究所 官方网站,not-verified,
中央社会主义学院,https://www.amazon.com/,Amazon.com: Jandy Cl580 Cartridge Filter,中央社会主义学院 官网,not-verified,
中央社会主义学院,https://lesliespool.com/,Leslie's - Elite Replacement Filter Cartridge for Jandy CL ...,中央社会主义学院 官网,not-verified,
中央社会主义学院,https://www.allpoolfilters4less.com/,Jandy CL580 Filter Parts & Replacement Cartridges,中央社会主义学院 官网,not-verified,
中央社会主义学院,https://www.homedepot.com/,Jandy CL580 7 in. Replacement Pool Filter Cartridge,中央社会主义学院 官网,not-verified,
中央社会主义学院,https://shastapoolsupply.com/,Shasta Replacement Cartridge | Jandy CL580/CV580,中央社会主义学院 官网,not-verified,
中央社会主义学院,https://excelfilters.com/,Jandy CL-580 and CV-580 Filter 4-Pack | Excel Filters,中央社会主义学院 官网,not-verified,
中央社会主义学院,https://mail.google.com/,Gmail - Email from Google,中央社会主义学院 官方网站,not-verified,
中央社会主义学院,https://accounts.google.com/,Gmail - Google Accounts,中央社会主义学院 官方网站,not-verified,
国防大学,https://geometrydashlite.io/,Geometry Dash Lite,国防大学 官网,not-verified,
陆军航空兵学院,https://openai.com/,Introducing ChatGPT - OpenAI,陆军航空兵学院 官网,not-verified,
陆军航空兵学院,https://help.openai.com/,ChatGPT Free Tier FAQ - OpenAI Help Center,陆军航空兵学院 官网,not-verified,
陆军航空兵学院,https://kotaku.com/,Asha Sharma Isn't Rushing The Decision On Xbox Exclusives,陆军航空兵学院 官方网站,not-verified,
陆军航空兵学院,https://www.thegamer.com/,Xbox CEO Asha Sharma Speaks On Return To Exclusivity,陆军航空兵学院 官方网站,not-verified,
陆军航空兵学院,https://www.gamefile.news/,Interview transcript: Game File x Xbox's Asha Sharma and Matt ...,陆军航空兵学院 官方网站,not-verified,
陆军航空兵学院,https://www.windowscentral.com/,"""I want to make the right decision"": Xbox CEO Asha Sharma ...",陆军航空兵学院 官方网站,not-verified,
陆军航空兵学院,https://insider-gaming.com/,"Asha Sharma Says Xbox Wants To Make ""The Right Decision"" On ...",陆军航空兵学院 官方网站,not-verified,
陆军航空兵学院,https://www.purexbox.com/,Asha Sharma Says Xbox Is Investing To Make Series X|S ...,陆军航空兵学院 官方网站,not-verified,
陆军防化学院,https://www.smogon.com/,Draft - Spring Seasonal 2026 - Round 4 | Page 3 | Smogon Forums,陆军防化学院 官网,not-verified,
陆军防化学院,https://www.europeantour.com/,DP World Tour,陆军防化学院 官方网站,not-verified,
空军指挥学院,https://www.81.cn/,空军 - 中国军网,空军指挥学院 官网,not-verified,
空军指挥学院,https://eduip.cn/,空军指挥学院-首页,空军指挥学院 官网,not-verified,
空军指挥学院,https://daxue.hao86.com/,解放军空军指挥学院_解放军空军指挥学院排名【官网 电话 ...,空军指挥学院 官网,not-verified,
空军指挥学院,https://baike.sogou.com/,中国人民解放军空军指挥学院 _ 百科,空军指挥学院 官网,not-verified,
空军指挥学院,https://www.gaokao.cn/,空军指挥学院 - 掌上高考,空军指挥学院 官网,not-verified,
空军指挥学院,http://www.mod.gov.cn/,空军 - 中华人民共和国国防部,空军指挥学院 官方网站,not-verified,
空军指挥学院,https://mil.huanqiu.com/,中国人民解放军空军简介 - 环球网,空军指挥学院 官方网站,not-verified,
空军指挥学院,https://www.chinatimes.com/,空军 -军事 - 中时新闻网,空军指挥学院 官方网站,not-verified,
军事航天部队航天工程大学,https://www.meteomedia.com/,"Québec, QC - Météo 14 jours - MétéoMédia",军事航天部队航天工程大学 官网,not-verified,
军事航天部队航天工程大学,https://meteo.gc.ca/,"Montréal, QC - Prévision 7 jours - Environnement Canada",军事航天部队航天工程大学 官网,not-verified,
军事航天部队航天工程大学,https://www.meteocanada.com/,Météo pour le Canada Aujourd'hui - Prévisions horaires et …,军事航天部队航天工程大学 官网,not-verified,
军事航天部队航天工程大学,https://www.meteocity.com/,Météo Québec aujourd'hui (Québec) - Météo heure par heure …,军事航天部队航天工程大学 官网,not-verified,
军事航天部队航天工程大学,https://www.meteo-quebec.ca/,Météo Québec,军事航天部队航天工程大学 官网,not-verified,
军事航天部队航天工程大学,https://ici.radio-canada.ca/,Météo | | ICI Radio-Canada.ca,军事航天部队航天工程大学 官网,not-verified,
军事航天部队航天工程大学,https://weather.com/,"Prévisions météo et conditions pour Québec, Québec - The …",军事航天部队航天工程大学 官网,not-verified,
军事航天部队航天工程大学,https://www.dailywire.com/,"The Daily Wire - Breaking News, Videos & Podcasts",军事航天部队航天工程大学 官方网站,not-verified,
军事科学院,https://www.walmart.com/,Walmart | Save Money. Live better.,军事科学院 官网,not-verified,
军事科学院,https://corporate.walmart.com/,"Walmart Corporate News, Purpose & Leadership",军事科学院 官网,not-verified,
军事科学院,https://mail.google.com/,Gmail - Email from Google,军事科学院 官方网站,not-verified,
军事科学院,https://accounts.google.com/,Sign in - Google Accounts,军事科学院 官方网站,not-verified,
军事科学院,https://support.google.com/,Sign in to Gmail,军事科学院 官方网站,not-verified,
军事科学院,https://workspace.google.com/,"Gmail: Secure, AI-Powered Email for Everyone | Google Workspace",军事科学院 官方网站,not-verified,
军事科学院,https://www.gmail.com/,About Gmail - Email. Chat. Video. Phone. - Google,军事科学院 官方网站,not-verified,
军事科学院,https://play.google.com/,Gmail - Apps on Google Play,军事科学院 官方网站,not-verified,
南开大学,https://www.nankai.edu.cn/,南开大学,南开大学 官网,not-verified,
南开大学,https://zsb.nankai.edu.cn/,Nankai - 南开大学本科招生网,南开大学 官网,not-verified,
南开大学,https://yzb.nankai.edu.cn/,Nankai - 南开大学研究生招生网,南开大学 官网,not-verified,
南开大学,https://graduate.nankai.edu.cn/,Nankai - 南开大学研究生院,南开大学 官网,not-verified,
南开大学,http://jwc.nankai.edu.cn/,Nankai - 教务部,南开大学 官网,not-verified,
南开大学,https://news.nankai.edu.cn/,南开大学-南开大学,南开大学 官网,not-verified,
南开大学,https://www.antiquesandthearts.com/,In Sparkling Company: Glass And The Costs Of Social Life In …,南开大学 官方网站,not-verified,
南开大学,https://libraryguides.missouri.edu/,Prices and Wages by Decade: 1700s - University of Missouri,南开大学 官方网站,not-verified,
天津医科大学,https://www.wikihow.com/,How to Shut Down Your PC with a Shortcut Key: 6 Simple Ways - wikiHow,天津医科大学 官网,not-verified,
天津医科大学,https://support.microsoft.com/,Shut down (turn off) your PC - Microsoft Support,天津医科大学 官网,not-verified,
天津医科大学,https://www.computerhope.com/,How to Shut Down a Computer,天津医科大学 官网,not-verified,
天津医科大学,https://www.hp.com/,Shop 64 GB Laptops | HP® Store,天津医科大学 官网,not-verified,
天津医科大学,https://www.majorgeeks.com/,7 Ways to Turn off a Windows 10 or 11 Computer - MajorGeeks,天津医科大学 官网,not-verified,
天津医科大学,https://www.asus.com/,[Windows 11/10] Three ways to turn computer off - Shut down ... - ASUS,天津医科大学 官网,not-verified,
天津医科大学,https://www.tech2geek.net/,How to Shut Down Your Laptop Properly: Step-by-Step Guide,天津医科大学 官网,not-verified,
天津医科大学,https://www.supportyourtech.com/,How to Fully Shut Down Windows 10: A Complete Step-by-Step …,天津医科大学 官网,not-verified,
天津音乐学院,https://www.osakacastle.net/,Osaka Castle - 大阪城天守閣,天津音乐学院 官网,not-verified,
天津音乐学院,https://ja.wikipedia.org/,大坂城 - Wikipedia,天津音乐学院 官网,not-verified,
天津音乐学院,https://www.osakacastlepark.jp/,特別史跡 大阪城公園,天津音乐学院 官网,not-verified,
天津音乐学院,https://att-japan.net/,大阪城観光ガイド｜歴史・見どころ・アクセスを徹底解説 - att.JAPAN,天津音乐学院 官网,not-verified,
天津音乐学院,https://shisekinavi.com/,大坂城｜豊臣家の城を埋めて築いた徳川家の城【天下普請の城 ...,天津音乐学院 官网,not-verified,
天津音乐学院,https://wa-gokoro.jp/,大阪城（大坂城）とは？歴史や逸話、見どころをご紹介 ...,天津音乐学院 官网,not-verified,
天津音乐学院,https://www.pref.osaka.lg.jp/,府内の史跡公園等の紹介【大坂城跡（大阪城公園）】,天津音乐学院 官网,not-verified,
天津音乐学院,https://www.osaka-touken-world.jp/,大阪城の歴史と見どころを紹介／ホームメイト,天津音乐学院 官网,not-verified,
中钢集团天津地质研究院有限公司,,,,no-candidate,
核工业理化工程研究院,https://www.tenforums.com/,How to Close Open App or Window in Windows 10 | Tutorials,核工业理化工程研究院 官网,not-verified,
核工业理化工程研究院,https://www.mmo-champion.com/,Details open/close window - MMO-Champion,核工业理化工程研究院 官网,not-verified,
核工业理化工程研究院,https://www.youtube.com/,YouTube,核工业理化工程研究院 官方网站,not-verified,
核工业理化工程研究院,https://accounts.google.com/,YouTube - Google Accounts,核工业理化工程研究院 官方网站,not-verified,
核工业理化工程研究院,https://apps.apple.com/,‎App YouTube - App Store,核工业理化工程研究院 官方网站,not-verified,
核工业理化工程研究院,https://blog.youtube/,Blog Oficial de YouTube,核工业理化工程研究院 官方网站,not-verified,
核工业理化工程研究院,https://play.google.com/,YouTube - Apps en Google Play,核工业理化工程研究院 官方网站,not-verified,
核工业理化工程研究院,https://android-youtube.andro.io/,YouTube,核工业理化工程研究院 官方网站,not-verified,
国家海洋技术中心,https://outlook.live.com/,Continue - Outlook,国家海洋技术中心 官网,not-verified,
国家海洋技术中心,https://chatgpt.com/,ChatGPT,国家海洋技术中心 官方网站,not-verified,
国家海洋技术中心,https://openai.com/,Introducing ChatGPT - OpenAI,国家海洋技术中心 官方网站,not-verified,
国家海洋技术中心,https://www.chatt-gptt.com/,ChatGPT - Your AI Assistant,国家海洋技术中心 官方网站,not-verified,
国家海洋技术中心,https://apps.microsoft.com/,ChatGPT - Free download and install on Windows | Microsoft Store,国家海洋技术中心 官方网站,not-verified,
国家海洋技术中心,https://apps.apple.com/,‎ChatGPT App - App Store,国家海洋技术中心 官方网站,not-verified,
国家海洋技术中心,https://play.google.com/,ChatGPT – Apps on Google Play,国家海洋技术中心 官方网站,not-verified,
国家海洋技术中心,https://9to5mac.com/,OpenAI upgrades ChatGPT and Codex with GPT-5.5: ‘a new,国家海洋技术中心 官方网站,not-verified,
中国舰船研究院(天津航海仪器研究所),,,,no-candidate,
海军勤务学院,https://restaurantguru.com/,"Hec's Bar, Detroit - Restaurant menu, prices and reviews",海军勤务学院 官网,not-verified,
海军勤务学院,https://www.yelp.com/,"HEC’S BAR - Updated April 2026 - 20005 Van Dyke Ave, Detroit ... - Yelp",海军勤务学院 官网,not-verified,
海军勤务学院,https://www.restaurantji.com/,"Hec's Bar, Detroit - Reviews (46), Photos (21) - Restaurantji",海军勤务学院 官网,not-verified,
海军勤务学院,https://www.fourdollarjacks.com/,Hec's Bar - A Welcoming Detroit Spot - fourdollarjacks.com,海军勤务学院 官网,not-verified,
海军勤务学院,https://www.freep.com/,"Historic Detroit dive bar Hec's, gets second chance",海军勤务学院 官网,not-verified,
海军勤务学院,https://www.chamberofcommerce.com/,"Hec's Bar in Detroit, MI 48234 - 313-893... - Chamber of Commerce",海军勤务学院 官网,not-verified,
海军勤务学院,https://local.yahoo.com/,"Hec’s Bar in Detroit, MI – Reviews, Hours, and Contact Details",海军勤务学院 官网,not-verified,
海军勤务学院,https://detroit.eater.com/,Hec’s Bar | Eater Detroit,海军勤务学院 官网,not-verified,
武警指挥学院,https://dle.rae.es/,RAE - ASALE - escuchar | Diccionario de la lengua española,武警指挥学院 官网,not-verified,
武警指挥学院,https://conjugador.reverso.net/,Conjugación escuchar | Conjugar el verbo escuchar en español ...,武警指挥学院 官网,not-verified,
武警指挥学院,https://www.wordreference.com/,Conjugación de escuchar - WordReference.com,武警指挥学院 官网,not-verified,
武警指挥学院,https://www.collinsdictionary.com/,"Tabla de conjugación de ""ESCUCHAR"" | Collins Español Verbos",武警指挥学院 官网,not-verified,
武警指挥学院,https://www.conjugacion.es/,Conjugación del verbo escuchar - Conjugar escuchar,武警指挥学院 官网,not-verified,
武警指挥学院,https://es.bab.la/,"Verbo ""escuchar"" - conjugación española con el conjugador de",武警指挥学院 官网,not-verified,
武警指挥学院,https://ellaverbs.com/,Conjugating Escuchar in all Spanish tenses | Ella Verbs App,武警指挥学院 官网,not-verified,
武警指挥学院,https://www.spanishdict.com/,Escuchar Conjugation | Conjugate Escuchar in Spanish,武警指挥学院 官网,not-verified,
武警后勤学院,https://www.10tv.com/,"10tv.com - Columbus' Leading Local News: Weather, Traffic, …",武警后勤学院 官网,not-verified,
武警后勤学院,https://www.reddit.com/,Your Cox.net email is moving soon to Yahoo Mail - Reddit,武警后勤学院 官方网站,not-verified,
武警后勤学院,https://www.answers.com/,How do you send high priority emails in yahoo? - Answers,武警后勤学院 官方网站,not-verified,
河北大学,https://animes-sama.fr/,Anime-Sama - Streaming et catalogage d'animes et scans.,河北大学 官网,not-verified,
河北大学,https://agence404.com/,Anime Sama nouvelle adresse en date du 20 avril 2026,河北大学 官网,not-verified,
河北大学,https://www.univers-otaku.com/,Anime Sama: Nouvelle adresse du site (Avril 2026),河北大学 官网,not-verified,
河北大学,https://www.clubic.com/,Télécharger Anime-Sama (gratuit) Web - Clubic,河北大学 官网,not-verified,
河北大学,https://animesama.ltd/,Anime Sama - Streaming et catalogage d'animes et scans,河北大学 官网,not-verified,
河北大学,https://animesama.social/,Anime Sama - Streaming et Catalogue d’Animes VF et VOSTFR,河北大学 官网,not-verified,
河北大学,https://topmag.fr/,Anime Sama : nouvelle adresse en mars 2026 (à jour),河北大学 官网,not-verified,
河北大学,http://animesama.beauty/,Anime Sama - Découvrez vos animes VF et VOSTFR gratuitement,河北大学 官网,not-verified,
华北理工大学,https://www.microsoft.com/,Copilot: Your AI Writing Assistant | Microsoft Copilot,华北理工大学 官网,not-verified,
华北理工大学,https://clickup.com/,50 Best Bing AI Prompts to Improve Creativity and Productivity,华北理工大学 官网,not-verified,
华北理工大学,https://word.cloud.microsoft/,AI writing with Copilot in Word,华北理工大学 官网,not-verified,
华北理工大学,https://techbaked.com/,Bing AI Writing (How To Use – Complete Guide),华北理工大学 官网,not-verified,
华北理工大学,https://ignitevisibility.com/,"Bing AI Guide for Writers, Designers & Marketers - Ignite Visibility",华北理工大学 官网,not-verified,
华北理工大学,https://copilot.microsoft.com/,Microsoft Copilot: Your AI companion,华北理工大学 官网,not-verified,
华北理工大学,https://dorik.com/,A Visual Guide to Use Bing AI (Now Copilot) for Beginners - Dorik,华北理工大学 官网,not-verified,
华北理工大学,https://writingcooperative.com/,How I Use Bing Chat to Help Me Write Without Feeling Ashamed,华北理工大学 官网,not-verified,
唐山师范学院,https://getemoji.com/,GetEmoji - Copy & Paste All Emojis From The Emoji Keyboard,唐山师范学院 官网,not-verified,
唐山师范学院,https://emojicopy.com/,EmojiCopy | Simple emoji copy and paste keyboard by JoyPixels®,唐山师范学院 官网,not-verified,
唐山师范学院,https://emojis.wiki/,All Emojis 2026 — the complete list,唐山师范学院 官网,not-verified,
唐山师范学院,https://emojihub.org/,Emojihub - All Emojis To Copy And Paste,唐山师范学院 官网,not-verified,
唐山师范学院,https://emojipedia.org/,Emojipedia — Home of Emoji Meanings,唐山师范学院 官网,not-verified,
唐山师范学院,https://emojiterra.com/,"EmojiTerra – Copy & Paste 3,953+ Emojis (New for 2026)",唐山师范学院 官网,not-verified,
唐山师范学院,https://www.unicode.org/,"Full Emoji List, v17.0 - Unicode",唐山师范学院 官网,not-verified,
唐山师范学院,https://emojiguide.org/,"The Ultimate Emoji Guide: Meanings, Pictures, Codes and …",唐山师范学院 官网,not-verified,
中国舰船研究院(邯郸净化设备研究所),,,,no-candidate,
太原师范学院,https://www.youtube.com/,YouTube,太原师范学院 官网,not-verified,
太原师范学院,https://en.wikipedia.org/,Y - Wikipedia,太原师范学院 官网,not-verified,
太原师范学院,https://apps.apple.com/,‎YouTube App - App Store,太原师范学院 官网,not-verified,
太原师范学院,https://www.merriam-webster.com/,Y Definition & Meaning - Merriam-Webster,太原师范学院 官网,not-verified,
太原师范学院,https://blog.youtube/,Official YouTube Blog for Latest YouTube News & Insights,太原师范学院 官网,not-verified,
太原师范学院,https://simple.wikipedia.org/,"Y - Simple English Wikipedia, the free encyclopedia",太原师范学院 官网,not-verified,
太原师范学院,https://play.google.com/,YouTube - Apps on Google Play,太原师范学院 官网,not-verified,
太原师范学院,https://sante-medecine.journaldesfemmes.fr/,Été 2025: Situation actuelle de l'épidémie de Covid en France,太原师范学院 官方网站,not-verified,
山西中医药大学,https://www.youtube.com/,はじめしゃちょー（hajime） - YouTube,山西中医药大学 官网,not-verified,
山西中医药大学,https://ja.wikipedia.org/,はじめしゃちょー - Wikipedia,山西中医药大学 官网,not-verified,
山西中医药大学,https://www.instagram.com/,はじめしゃちょー (@hajimesyachodesu) • Instagram photos ...,山西中医药大学 官网,not-verified,
山西中医药大学,https://mainichi.jp/,はじめしゃちょー “5億円”大豪邸の現在の価値に衝撃「リアル ...,山西中医药大学 官网,not-verified,
山西中医药大学,https://ojitopi.com/,はじめしゃちょーの畑メンバーの現在は？脱退理由と最新活動 ...,山西中医药大学 官网,not-verified,
山西中医药大学,https://socialenterprise.jp/,【祝・結婚！】はじめしゃちょーのすべてがわかる！本名から ...,山西中医药大学 官网,not-verified,
山西中医药大学,https://x.com/,はじめしゃちょー (hajime) (@hajimesyacho) / Posts / X,山西中医药大学 官网,not-verified,
山西中医药大学,https://yutura.net/,はじめしゃちょー（hajime）の最新動画｜YouTubeランキング,山西中医药大学 官网,not-verified,
中国兵器科学研究院(北方自动控制技术研究所),,,,no-candidate,
山西省中医药研究院,https://app.roll20.net/,Roll20: Online virtual tabletop for pen and paper RPGs and board …,山西省中医药研究院 官网,not-verified,
山西省中医药研究院,https://www.reddit.com/,Roll20 - Browser-based Virtual Tabletop - Reddit,山西省中医药研究院 官网,not-verified,
山西省中医药研究院,https://catholicmasstime.org/,Catholic Mass Times - Find A Church Near Me,山西省中医药研究院 官方网站,not-verified,
内蒙古医科大学,https://fever.wnba.com/,The Official Website of the Indiana Fever | WNBA,内蒙古医科大学 官网,not-verified,
内蒙古医科大学,https://discussions.apple.com/,Weather Channel app not rotating on new i… - Apple Community,内蒙古医科大学 官方网站,not-verified,
内蒙古民族大学,https://en.wikipedia.org/,List of House of Cards episodes - Wikipedia,内蒙古民族大学 官网,not-verified,
内蒙古民族大学,https://www.imdb.com/,House of Cards (TV Series 2013–2018) - Episode list - IMDb,内蒙古民族大学 官网,not-verified,
内蒙古民族大学,https://www.netflix.com/,Watch House of Cards | Netflix Official Site,内蒙古民族大学 官网,not-verified,
内蒙古民族大学,https://houseofcards.fandom.com/,Portal:Episodes | House of Cards Wiki | Fandom,内蒙古民族大学 官网,not-verified,
内蒙古民族大学,https://www.themoviedb.org/,House of Cards (TV Series 2013-2018) - The Movie Database …,内蒙古民族大学 官网,not-verified,
内蒙古民族大学,https://epguides.com/,House of Cards (US) (a Titles & Seasons Guide) - epguides.com,内蒙古民族大学 官网,not-verified,
内蒙古民族大学,https://www.tvmaze.com/,House of Cards - Episode List - TVmaze,内蒙古民族大学 官网,not-verified,
内蒙古民族大学,https://time.now/,"Current Time in Anchorage, United States | Time.now",内蒙古民族大学 官方网站,not-verified,
赤峰学院,https://ask.extension.org/,Weed and Feed that doesn’t kill my clover. - Ask Extension,赤峰学院 官网,not-verified,
赤峰学院,https://davesgarden.com/,Why Grow a Clover Lawn? - Dave's Garden,赤峰学院 官网,not-verified,
赤峰学院,https://www.gosforthcent.newcastle.sch.uk/,www.gosforthcent.newcastle.sch.uk,赤峰学院 官方网站,not-verified,
赤峰学院,https://www.boite.com.au/,"Gamelan DanAnda Spring Concert ft. Yande King's, Putu Ayu …",赤峰学院 官方网站,not-verified,
大连海洋大学,https://www.railyatri.in/,Live Running Status of Train 12482 (Intercity Express)- RailYatri,大连海洋大学 官网,not-verified,
大连海洋大学,https://etrain.info/,Live Running Status of INTERCITY EXP (12482) : etrain.info,大连海洋大学 官网,not-verified,
大连海洋大学,https://www.ixigo.com/,"12482 Train Running Status, Intercity Exp 12482 Running Status …",大连海洋大学 官网,not-verified,
大连海洋大学,https://railradar.in/,12482 Train Running Status | Delhi Intercity Express Live Status ...,大连海洋大学 官网,not-verified,
大连海洋大学,https://www.makemytrip.com/,12482 INTERCITY EXP Train Running Status - MakeMyTrip,大连海洋大学 官网,not-verified,
大连海洋大学,https://runningstatus.in/,Live Running Train Status | Live Train Enquiry,大连海洋大学 官网,not-verified,
大连海洋大学,https://www.railmitra.com/,12482 Train Running Status (INTERCITY EXP) - railmitra.com,大连海洋大学 官网,not-verified,
大连海洋大学,https://www.traininfo.in/,Live Running Status of Train 12482 - INTERCITY EXPRESS - Today …,大连海洋大学 官网,not-verified,
沈阳药科大学,https://docs.google.com/,Google Docs,沈阳药科大学 官网,not-verified,
沈阳药科大学,https://baike.sogou.com/,沈阳市 _ 百科,沈阳药科大学 官方网站,not-verified,
中国航空研究院(601所),,,,no-candidate,
中国航空研究院(606所),,,,no-candidate,
中国航空研究院(626所),,,,no-candidate,
中国舰船研究院(大连测控技术研究所),,,,no-candidate,
海军大连舰艇学院,,,,no-candidate,
吉林农业大学,https://support.google.com/,Download the YouTube mobile app,吉林农业大学 官网,not-verified,
吉林农业大学,https://zh.wikipedia.org/,正义联盟成员列表 - 维基百科，自由的百科全书,吉林农业大学 官方网站,not-verified,
吉林农业大学,https://www.douyin.com/,DC里能力比较全面的二线英雄 - 抖音,吉林农业大学 官方网站,not-verified,
吉林农业大学,https://peacedoorball.blog/,5 位被低估的 DC 英雄，现在值得更多关注（以及 5 位应该退居二线的英雄…,吉林农业大学 官方网站,not-verified,
吉林工程技术师范学院,https://www.jlenu.edu.cn/,吉林工程技术师范学院,吉林工程技术师范学院 官网,not-verified,
吉林工程技术师范学院,https://yjs.jlenu.edu.cn/,吉林工程技术师范学院研究生院，学科建设处,吉林工程技术师范学院 官网,not-verified,
吉林工程技术师范学院,http://stu.jlenu.edu.cn/,吉林工程技术师范学院,吉林工程技术师范学院 官网,not-verified,
吉林工程技术师范学院,https://jwcsys.jlenu.edu.cn/,吉林工程技术师范学院教务处,吉林工程技术师范学院 官网,not-verified,
吉林工程技术师范学院,https://zs.jlenu.edu.cn/,吉林工程技术师范学院招生就业处,吉林工程技术师范学院 官网,not-verified,
吉林工程技术师范学院,https://mail.google.com/,Gmail,吉林工程技术师范学院 官方网站,not-verified,
吉林工程技术师范学院,https://www.google.com/,Sign in - Google Accounts,吉林工程技术师范学院 官方网站,not-verified,
吉林工程技术师范学院,https://support.google.com/,Sign in to Gmail - Computer - Gmail Help - Google Help,吉林工程技术师范学院 官方网站,not-verified,
吉林财经大学,https://www.wiemanauction.com/,Wieman Land & Auction | Southeast South Dakota Auction …,吉林财经大学 官网,not-verified,
吉林财经大学,https://www.kayak.com/,$31 CHEAP FLIGHTS to Las Vegas in 2026 | KAYAK,吉林财经大学 官方网站,not-verified,
吉林财经大学,https://www.google.com/,Find Cheap Flights to Las Vegas - Google Flights,吉林财经大学 官方网站,not-verified,
吉林财经大学,https://www.expedia.com/,"$28 Cheap Flights to Las Vegas, NV - Expedia",吉林财经大学 官方网站,not-verified,
吉林财经大学,https://www.cheapflights.com/,$123+ Cheap flights to Las Vegas,吉林财经大学 官方网站,not-verified,
吉林财经大学,https://www.skyscanner.com/,$41 Cheap Flights to Las Vegas NV in 2026 | Skyscanner,吉林财经大学 官方网站,not-verified,
吉林财经大学,https://www.hotwire.com/,Cheap Flights to Las Vegas from $54 | Hotwire,吉林财经大学 官方网站,not-verified,
吉林财经大学,https://www.priceline.com/,$24 Flight Deals to Las Vegas - Priceline.com,吉林财经大学 官方网站,not-verified,
中共吉林省委党校(吉林省行政学院),https://www.google.ca/,Google,中共吉林省委党校(吉林省行政学院) 官网,not-verified,
中共吉林省委党校(吉林省行政学院),https://images.google.ca/,Google Images,中共吉林省委党校(吉林省行政学院) 官网,not-verified,
中共吉林省委党校(吉林省行政学院),https://translate.google.ca/,Google Translate,中共吉林省委党校(吉林省行政学院) 官网,not-verified,
中共吉林省委党校(吉林省行政学院),https://www.verywellhealth.com/,8 Everyday Foods That Are Full of Microplastics - Verywell Health,中共吉林省委党校(吉林省行政学院) 官方网站,not-verified,
中共吉林省委党校(吉林省行政学院),https://www.delish.com/,10 Foods With The Most Microplastics—What Experts Want You …,中共吉林省委党校(吉林省行政学院) 官方网站,not-verified,
中共吉林省委党校(吉林省行政学院),https://www.fda.gov/,Microplastics and Nanoplastics in Foods | FDA,中共吉林省委党校(吉林省行政学院) 官方网站,not-verified,
中共吉林省委党校(吉林省行政学院),https://scienceinsights.org/,What Foods Have Microplastics and How to Reduce Exposure,中共吉林省委党校(吉林省行政学院) 官方网站,not-verified,
中共吉林省委党校(吉林省行政学院),https://www.sciencedirect.com/,Microplastics as emerging contaminants in the food chain: …,中共吉林省委党校(吉林省行政学院) 官方网站,not-verified,
空军航空大学,https://ficoforums.myfico.com/,RBFCU - ACH requires 3 business days notice! - myFICO® Forums,空军航空大学 官网,not-verified,
空军航空大学,https://www.seventhavenue.com/,"Seventh Avenue | Buy Now, Pay Later Credit",空军航空大学 官方网站,not-verified,
空军航空大学,https://en.wikipedia.org/,Seventh Avenue (Manhattan) - Wikipedia,空军航空大学 官方网站,not-verified,
空军航空大学,https://travelingwithcoler.com/,7th Avenue New York: The Iconic Avenue in the Heart of NY,空军航空大学 官方网站,not-verified,
空军航空大学,https://www.tripadvisor.com/,Seventh Avenue,空军航空大学 官方网站,not-verified,
空军航空大学,https://www.reference.com/,Exploring Seventh Avenue: A Guide to Its Rich History and Culture,空军航空大学 官方网站,not-verified,
空军航空大学,https://wanderlog.com/,"Wanderlog: travel itinerary, vacation & road trip planner",空军航空大学 官方网站,not-verified,
空军航空大学,https://www.tripadvisor.co.uk/,SEVENTH AVENUE (2026) All You SHOULD Know Before You Go …,空军航空大学 官方网站,not-verified,
黑龙江大学,https://www.amazon.ca/,HGps8w Women's Cute Bow Cardigan Sweaters Dressy Button Down ...,黑龙江大学 官网,not-verified,
黑龙江大学,https://www.amazon.com/,HGps8w Women's Cute Bowknot Decor Button Down Cardigan ...,黑龙江大学 官网,not-verified,
黑龙江大学,https://www.target.com/,Women's Button-Up Cardigans | Front Button Sweaters - Target,黑龙江大学 官网,not-verified,
牡丹江师范学院,https://www.mayoclinic.org/,Atrial fibrillation - Symptoms and causes - Mayo Clinic,牡丹江师范学院 官网,not-verified,
牡丹江师范学院,https://web.whatsapp.com/,WhatsApp Web,牡丹江师范学院 官方网站,not-verified,
牡丹江师范学院,https://www.whatsapp.com/,WhatsApp | Secure and Reliable Free Private Messaging and Calling,牡丹江师范学院 官方网站,not-verified,
黑龙江东方学院,https://brainly.com/,[FREE] Calculate the sum: 1,黑龙江东方学院 官方网站,not-verified,
黑龙江东方学院,https://superuser.com/,Powershell get motherboard serial number - Super User,黑龙江东方学院 官方网站,not-verified,
中国航空研究院(627所),,,,no-candidate,
中国舰船研究院(哈尔滨船舶锅炉涡轮机研究所),,,,no-candidate,
黑龙江省中医药科学院,https://www.arlingtoncemetery.mil/,Arlington National Cemetery - Home,黑龙江省中医药科学院 官网,not-verified,
上海杉达学院,https://www.shanghai.gov.cn/,上海市人民政府,上海杉达学院 官网,not-verified,
上海杉达学院,https://baike.sogou.com/,上海 _ 百科,上海杉达学院 官网,not-verified,
上海杉达学院,https://zwdt.sh.gov.cn/,上海市人民政府,上海杉达学院 官网,not-verified,
上海杉达学院,https://zjw.sh.gov.cn/,Shanghai - 上海市住房和城乡建设管理委员会,上海杉达学院 官网,not-verified,
上海发电设备成套设计研究院,https://www.shanghai.gov.cn/,上海市人民政府,上海发电设备成套设计研究院 官网,not-verified,
上海发电设备成套设计研究院,https://baike.sogou.com/,上海 _ 百科,上海发电设备成套设计研究院 官网,not-verified,
上海发电设备成套设计研究院,https://zwdt.sh.gov.cn/,上海市人民政府,上海发电设备成套设计研究院 官网,not-verified,
上海发电设备成套设计研究院,https://zjw.sh.gov.cn/,Shanghai - 上海市住房和城乡建设管理委员会,上海发电设备成套设计研究院 官网,not-verified,
中国航空研究院(640所),,,,no-candidate,
上海航天技术研究院,https://www.shanghai.gov.cn/,上海市人民政府,上海航天技术研究院 官网,not-verified,
上海航天技术研究院,https://baike.sogou.com/,上海 _ 百科,上海航天技术研究院 官网,not-verified,
上海航天技术研究院,https://zwdt.sh.gov.cn/,上海市人民政府,上海航天技术研究院 官网,not-verified,
上海航天技术研究院,https://zjw.sh.gov.cn/,Shanghai - 上海市住房和城乡建设管理委员会,上海航天技术研究院 官网,not-verified,
上海化工研究院,https://www.shanghai.gov.cn/,上海市人民政府,上海化工研究院 官网,not-verified,
上海化工研究院,https://baike.sogou.com/,上海 _ 百科,上海化工研究院 官网,not-verified,
上海化工研究院,https://zwdt.sh.gov.cn/,上海市人民政府,上海化工研究院 官网,not-verified,
上海化工研究院,https://zjw.sh.gov.cn/,Shanghai - 上海市住房和城乡建设管理委员会,上海化工研究院 官网,not-verified,
电信科学技术第一研究所,,,,no-candidate,
上海生物制品研究所,https://www.shanghai.gov.cn/,上海市人民政府,上海生物制品研究所 官网,not-verified,
上海生物制品研究所,https://baike.sogou.com/,上海 _ 百科,上海生物制品研究所 官网,not-verified,
上海生物制品研究所,https://zwdt.sh.gov.cn/,上海市人民政府,上海生物制品研究所 官网,not-verified,
上海生物制品研究所,https://zjw.sh.gov.cn/,Shanghai - 上海市住房和城乡建设管理委员会,上海生物制品研究所 官网,not-verified,
中国舰船研究院(上海船舶设备研究所),,,,no-candidate,
中国舰船研究院(上海船用柴油机研究所),,,,no-candidate,
中国舰船研究院(上海船舶电子设备研究所),,,,no-candidate,
上海国际问题研究院,https://www.shanghai.gov.cn/,上海市人民政府,上海国际问题研究院 官网,not-verified,
上海国际问题研究院,https://baike.sogou.com/,上海 _ 百科,上海国际问题研究院 官网,not-verified,
上海国际问题研究院,https://zwdt.sh.gov.cn/,上海市人民政府,上海国际问题研究院 官网,not-verified,
上海国际问题研究院,https://zjw.sh.gov.cn/,Shanghai - 上海市住房和城乡建设管理委员会,上海国际问题研究院 官网,not-verified,
中共上海市委党校,https://www.allrecipes.com/,Easy Homemade Pizza Dough Recipe,中共上海市委党校 官网,not-verified,
中共上海市委党校,https://mail.yahoo.com/,Yahoo Mail | Email with smart features and top-notch security,中共上海市委党校 官方网站,not-verified,
中共上海市委党校,https://www.yahoo.com/,Yahoo,中共上海市委党校 官方网站,not-verified,
中共上海市委党校,https://help.yahoo.com/,Sign in or out of Yahoo | Yahoo Help,中共上海市委党校 官方网站,not-verified,
中共上海市委党校,https://mobile.yahoo.com/,Download Yahoo Mail App | Yahoo Mobile,中共上海市委党校 官方网站,not-verified,
中共上海市委党校,https://au.mobile.yahoo.com/,Yahoo Mail | Yahoo7 Apps. Mobile made beautiful.,中共上海市委党校 官方网站,not-verified,
中共上海市委党校,https://ca.mobile.yahoo.com/,Yahoo Mail App | Yahoo Mobile CA,中共上海市委党校 官方网站,not-verified,
中共上海市委党校,https://play.google.com/,Yahoo Mail: Email & Planner - Apps on Google Play,中共上海市委党校 官方网站,not-verified,
南京航空航天大学,https://www.graduate.nuaa.edu.cn/,研究生院,南京航空航天大学 官网,not-verified,
南京航空航天大学,https://x.nuaa.edu.cn/,统一身份认证平台,南京航空航天大学 官网,not-verified,
南京航空航天大学,http://aao-eas.nuaa.edu.cn/,南京航空航天教务管理系统 - nuaa.edu.cn,南京航空航天大学 官网,not-verified,
南京航空航天大学,http://lib.nuaa.edu.cn/,南京航空航天大学图书馆,南京航空航天大学 官网,not-verified,
南京航空航天大学,https://nuaa.edu.cn/,南京航空航天大学,南京航空航天大学 官网,not-verified,
南京航空航天大学,https://aao.nuaa.edu.cn/,教务处,南京航空航天大学 官网,not-verified,
南京航空航天大学,http://zs.nuaa.edu.cn/,南航招生网,南京航空航天大学 官网,not-verified,
南京航空航天大学,https://aero.nuaa.edu.cn/,航空学院,南京航空航天大学 官网,not-verified,
南京农业大学,,,,no-candidate,
盐城师范学院,https://www.247bridge.com/,Bridge 247 - Play Free Bridge Games Online,盐城师范学院 官网,not-verified,
盐城师范学院,https://support.microsoft.com/,Account help - support.microsoft.com,盐城师范学院 官方网站,not-verified,
盐城师范学院,https://techcommunity.microsoft.com/,What’s New in Microsoft 365 Copilot | March 2026 | Microsoft …,盐城师范学院 官方网站,not-verified,
常州工学院,https://www.depop.com/,"Depop - buy, sell, discover unique fashion",常州工学院 官网,not-verified,
常州工学院,https://apps.apple.com/,Depop - Buy & Sell Clothes - App Store,常州工学院 官网,not-verified,
常州工学院,https://play.google.com/,Depop - Buy & Sell Clothes - Apps on Google Play,常州工学院 官网,not-verified,
常州工学院,https://en.m.wikipedia.org/,Depop - Wikipedia,常州工学院 官网,not-verified,
常州工学院,https://depop.app.link/,‎Depop | Buy & Sell Clothing,常州工学院 官网,not-verified,
常州工学院,https://depophelp.zendesk.com/,Depop Help Center,常州工学院 官网,not-verified,
常州工学院,https://m.apkpure.com/,Depop APK for Android Download - APKPure.com,常州工学院 官网,not-verified,
常州工学院,https://www.getonecart.com/,How to Sell on Depop: 0% Selling Fees + Beginner Tips [2026 ...,常州工学院 官网,not-verified,
国网电力科学研究院,,,,no-candidate,
南京水利科学研究院,,,,no-candidate,
中国航空研究院(609所),,,,no-candidate,
中国舰船研究院(江苏自动化研究所),,,,no-candidate,
中共江苏省委党校,https://en.wikipedia.org/,Yasser Matar - Wikipedia,中共江苏省委党校 官网,not-verified,
中共江苏省委党校,https://www.transfermarkt.co.uk/,Yaser Matar - Player profile | Transfermarkt,中共江苏省委党校 官网,not-verified,
中共江苏省委党校,https://www.instagram.com/,‎Yaser matar | ياسر مطر‎ (@yaserm6r) • Instagram photos and videos,中共江苏省委党校 官网,not-verified,
中共江苏省委党校,https://www.linkedin.com/,"10+ ""Yasser Matar"" profiles | LinkedIn",中共江苏省委党校 官网,not-verified,
中共江苏省委党校,https://www.fotmob.com/,"Yaser Matar - stats, career and market value - FotMob",中共江苏省委党校 官网,not-verified,
中共江苏省委党校,https://www.sofascore.com/,Yaser Matar stats and ratings | Sofascore,中共江苏省委党校 官网,not-verified,
中共江苏省委党校,https://play.fiba3x3.com/,Yasser Matar - play.fiba3x3.com,中共江苏省委党校 官网,not-verified,
中共江苏省委党校,https://globalsportsarchive.com/,"Yaser Matar - Soccer Stats, Profile & Career Info - Global Sports …",中共江苏省委党校 官网,not-verified,
陆军指挥学院,https://www.cnn.com/,"FDA approves first gene therapy for inherited deafness, shown ...",陆军指挥学院 官网,not-verified,
陆军指挥学院,https://www.wusf.org/,The FDA gives the green light to the first gene therapy for ...,陆军指挥学院 官网,not-verified,
陆军指挥学院,https://www.fiercepharma.com/,Regeneron ushers in new era with inaugural gene therapy approval,陆军指挥学院 官网,not-verified,
陆军指挥学院,https://www.nbcnews.com/,FDA approves first gene therapy for genetic hearing loss,陆军指挥学院 官网,not-verified,
陆军指挥学院,https://science.slashdot.org/,FDA Gives Green Light To the First Gene Therapy For Deafness,陆军指挥学院 官网,not-verified,
陆军指挥学院,https://www.team-iha.org/,The FDA gives the green light to the first gene therapy for ...,陆军指挥学院 官网,not-verified,
陆军指挥学院,https://www.npr.org/,First gene therapy for deafness approved by the FDA : NPR,陆军指挥学院 官网,not-verified,
陆军指挥学院,http://www.mod.gov.cn/,陆军 - 中华人民共和国国防部,陆军指挥学院 官方网站,not-verified,
海军指挥学院,https://www.cruisecritic.com/,7 Best Cruise Lines for Solo Travelers,海军指挥学院 官网,not-verified,
海军指挥学院,https://travel.usnews.com/,Best Cruise Lines for Solo Travelers - U.S. News Travel,海军指挥学院 官网,not-verified,
海军指挥学院,https://thepointsguy.com/,The 5 best cruise lines for solo travelers - The Points Guy,海军指挥学院 官网,not-verified,
海军指挥学院,https://www.virginvoyages.com/,Best Solo Cruises for Single & Solo Travelers: Discover Your …,海军指挥学院 官网,not-verified,
海军指挥学院,https://10best.usatoday.com/,10 best cruise lines for solo travelers in 2026,海军指挥学院 官网,not-verified,
海军指挥学院,https://www.celebritycruises.com/,Solo Cruises: The Ultimate Guide to Cruising Solo - Celebrity Cruises,海军指挥学院 官网,not-verified,
海军指挥学院,https://shinecruise.com/,15 Best Cruise Lines for Solo Travelers in 2026,海军指挥学院 官网,not-verified,
海军指挥学院,https://shipboardcruiser.com/,Full List of Cruise Ships Offering Solo Cabins for Single Travelers,海军指挥学院 官网,not-verified,
空军勤务学院,https://www.bunnings.com.au/,"Australia DIY, Garden & Hardware Store - Bunnings Australia",空军勤务学院 官网,not-verified,
空军勤务学院,https://trade.bunnings.com.au/,Shop Online - Bunnings Trade AU,空军勤务学院 官网,not-verified,
空军勤务学院,https://www.dicionariopopular.com/,63 piadas curtas e engraçadas para rir sem parar - DPopular,空军勤务学院 官方网站,not-verified,
空军勤务学院,https://www.maioresemelhores.com/,Piadas do Google: as 48 piadas mais engraçadas do Google Assistente ...,空军勤务学院 官方网站,not-verified,
空军勤务学院,https://frasesdobem.com/,Divirta-se com as melhores piadas: Conte-me uma piada!,空军勤务学院 官方网站,not-verified,
空军勤务学院,https://lucioflaviomr.com.br/,As 60 melhores piadas curtas para morrer de rir - Lucio Flavio,空军勤务学院 官方网站,not-verified,
空军勤务学院,https://www.42frases.com/,Me conte uma piada: 60 frases de piadas do Google para rir muito,空军勤务学院 官方网站,not-verified,
空军勤务学院,https://piadas.org/,Google Me Conte Uma Piada: As Melhores Piadas do Google,空军勤务学院 官方网站,not-verified,
网络空间部队第五十六研究所,https://rarediseases.org/,Rare Disease Advisory Council - State Map - National …,网络空间部队第五十六研究所 官网,not-verified,
网络空间部队第五十六研究所,https://www.nysrdc.org/,NYS Rare Disease Advisory Committee - nysrdc.org,网络空间部队第五十六研究所 官网,not-verified,
网络空间部队第五十六研究所,https://everylifefoundation.org/,Established Rare Disease Advisory Councils,网络空间部队第五十六研究所 官网,not-verified,
网络空间部队第五十六研究所,https://www.nj.gov/,Rare Disease Advisory Council - The Official Web Site for The State …,网络空间部队第五十六研究所 官网,not-verified,
网络空间部队第五十六研究所,https://www.morningstar.com/,National Organization for Rare Disorders Ranks All 50 States on Rare ...,网络空间部队第五十六研究所 官网,not-verified,
网络空间部队第五十六研究所,https://whatismyipaddress.com/,What Is My IP Address - See Your Public Address - IPv4 & IPv6,网络空间部队第五十六研究所 官方网站,not-verified,
宁波工程学院,,,,no-candidate,
浙江警察学院,,,,no-candidate,
浙大宁波理工学院,https://www.vaticannews.va/,Vatican News - Notizie sul Papa sul Vaticano e sulla Chiesa - Vatican News,浙大宁波理工学院 官网,not-verified,
浙大宁波理工学院,https://it.wikipedia.org/,Papa - Wikipedia,浙大宁波理工学院 官网,not-verified,
浙大宁波理工学院,https://www.vatican.va/,Francesco - Vatican,浙大宁波理工学院 官网,not-verified,
浙大宁波理工学院,https://tg24.sky.it/,"Papa Leone XIV oggi in Guinea Equatoriale, il programma del …",浙大宁波理工学院 官网,not-verified,
浙大宁波理工学院,https://www.youtube.com/,Vatican News - Italiano - YouTube,浙大宁波理工学院 官网,not-verified,
浙大宁波理工学院,https://www.ansa.it/,Vaticano News - Ansa.it,浙大宁波理工学院 官网,not-verified,
浙大宁波理工学院,https://it.euronews.com/,Papa Leone XIV | Euronews,浙大宁波理工学院 官网,not-verified,
浙大宁波理工学院,https://www.rainews.it/,A un anno dalla morte di Papa Francesco: il suo pontificato,浙大宁波理工学院 官网,not-verified,
阜阳师范大学,http://johnstamos.com/,Bio — John Stamos,阜阳师范大学 官网,not-verified,
阜阳师范大学,https://johnstamos.com/,John Stamos,阜阳师范大学 官网,not-verified,
阜阳师范大学,https://quizlet.com/,"Review #3 ch.3,4, & 29 Flashcards | Quizlet",阜阳师范大学 官方网站,not-verified,
阜阳师范大学,https://www.scribd.com/,An Obstruction To Professionalism Could Be,阜阳师范大学 官方网站,not-verified,
阜阳师范大学,https://brainly.com/,An obstruction to professionalism could be: - Brainly.com,阜阳师范大学 官方网站,not-verified,
阜阳师范大学,https://www.gauthmath.com/,Solved: An obstruction to professionalism could be: A. a …,阜阳师范大学 官方网站,not-verified,
阜阳师范大学,https://www.studocu.com/,An obstruction to professionalism could be Group of answer,阜阳师范大学 官方网站,not-verified,
阜阳师范大学,https://www.wordplays.com/,obstruction to professionalism could be Crossword Clue,阜阳师范大学 官方网站,not-verified,
滁州学院,https://www.reddit.com/,EveryDayBingQuiz - Reddit,滁州学院 官网,not-verified,
滁州学院,https://support.microsoft.com/,Make older apps or programs compatible with the latest version of Windows,滁州学院 官方网站,not-verified,
滁州学院,https://support.xbox.com/,Fix gaming issues with the Xbox app for PC and handhelds,滁州学院 官方网站,not-verified,
滁州学院,https://learn.microsoft.com/,How to find incompatible app. - Microsoft Q&A,滁州学院 官方网站,not-verified,
安徽财经大学,https://www.texasrealestate.com/,Texas REALTORS® – The Voice of Texas Real Estate,安徽财经大学 官网,not-verified,
安徽财经大学,https://forum.creative.gimkit.com/,"Gimkit Spinefiles/ spritesheets [ ] {UC, R, & E}",安徽财经大学 官方网站,not-verified,
宿州学院,https://www.nhl.com/,"NHL Scores | Apr 25, 2026 | NHL.com",宿州学院 官网,not-verified,
宿州学院,https://www.espn.com/,"NHL Scores, 2025-26 Season - ESPN",宿州学院 官网,not-verified,
宿州学院,https://www.cbssports.com/,NHL Scores - CBS Sports,宿州学院 官网,not-verified,
宿州学院,https://www.sportsnet.ca/,Hutson scores overtime winner as Canadiens top Lightning in …,宿州学院 官网,not-verified,
宿州学院,https://nesn.com/,"Bruins vs. Sabres Final Score, Highlights: Boston Falls as ... - NESN",宿州学院 官网,not-verified,
宿州学院,https://sports.yahoo.com/,"NHL Scores, 2025-26 Season - Yahoo Sports",宿州学院 官网,not-verified,
宿州学院,https://support.microsoft.com/,File Explorer in Windows - Microsoft Support,宿州学院 官方网站,not-verified,
宿州学院,https://www.itechguides.com/,Get Help with File Explorer in Windows 11: Your Ultimate Guide,宿州学院 官方网站,not-verified,
陆军兵种大学,https://azure.microsoft.com/,Azure updates | Microsoft Azure,陆军兵种大学 官网,not-verified,
陆军兵种大学,https://tenderimpulse.com/,Sitemap 469: Latest Government & Public Tenders | Tender Impulse,陆军兵种大学 官网,not-verified,
陆军兵种大学,https://skillcertpro.com/,Microsoft Power Platform (PL-200) Master heat Sheet,陆军兵种大学 官网,not-verified,
陆军兵种大学,https://www.blackhat.com/,Black Hat USA 2017 | Briefings - Black Hat Briefings,陆军兵种大学 官网,not-verified,
陆军兵种大学,https://learn.microsoft.com/,Release notes for Microsoft Teams - Office release notes,陆军兵种大学 官网,not-verified,
陆军兵种大学,https://www.sirva.com/,Sirva Worldwide Relocation & Moving Services,陆军兵种大学 官网,not-verified,
陆军兵种大学,https://www.academia.edu/,(PDF) Future-Ready Management - Academia.edu,陆军兵种大学 官网,not-verified,
陆军兵种大学,http://www.mod.gov.cn/,陆军 - 中华人民共和国国防部,陆军兵种大学 官方网站,not-verified,
福建师范大学,https://support.google.com/,Download the YouTube mobile app,福建师范大学 官网,not-verified,
龙岩学院,https://support.google.com/,QUERY - Cправка - Редакторы Google Документов,龙岩学院 官网,not-verified,
龙岩学院,https://genius.com/,JVKE – golden hour Lyrics - Genius,龙岩学院 官方网站,not-verified,
龙岩学院,https://www.youtube.com/,JVKE - golden hour (Lyrics) - YouTube,龙岩学院 官方网站,not-verified,
龙岩学院,https://www.azlyrics.com/,JVKE - golden hour Lyrics | AZLyrics.com,龙岩学院 官方网站,not-verified,
龙岩学院,https://www.lyrics.com/,JVKE - golden hour Lyrics | Lyrics.com,龙岩学院 官方网站,not-verified,
龙岩学院,https://www.lyrics.my/,JVKE - golden hour Lyrics | Lyrics.My,龙岩学院 官方网站,not-verified,
龙岩学院,https://www.billboard.com/,JVKE's ‘Golden Hour’ Lyrics - Billboard,龙岩学院 官方网站,not-verified,
龙岩学院,https://www.shazam.com/,"golden hour - JVKE: Song Lyrics, Music Videos & Concerts",龙岩学院 官方网站,not-verified,
自然资源部第三海洋研究所,https://blog.wasalt.sa/,حي غبيرة الرياض - مدونة موقع وصلت,自然资源部第三海洋研究所 官网,not-verified,
自然资源部第三海洋研究所,https://sa.aqar.fm/,شقق للإيجار حي غبيرة وسط الرياض | تطبيق عقار,自然资源部第三海洋研究所 官网,not-verified,
自然资源部第三海洋研究所,https://www.bayut.sa/,دليل حي غبيرة في الرياض: الموقع - العقارات - المرافق والخدمات - والمزيد ...,自然资源部第三海洋研究所 官网,not-verified,
自然资源部第三海洋研究所,https://en.wikipedia.org/,Ghubaira - Wikipedia,自然资源部第三海洋研究所 官网,not-verified,
自然资源部第三海洋研究所,https://haraj.com.sa/,شقق للايجار بحي غبيرة بالرياض - موقع حراج,自然资源部第三海洋研究所 官网,not-verified,
自然资源部第三海洋研究所,https://www.propertyfinder.sa/,عقارات للبيع في غبيرة | بروبرتي فايندر السعودية,自然资源部第三海洋研究所 官网,not-verified,
自然资源部第三海洋研究所,https://sa.opensooq.com/,اسعار شقق للبيع في حي غبيرة الرياض السعودية,自然资源部第三海洋研究所 官网,not-verified,
上饶师范学院,https://totalshape.com/,MMA Workout Plan: Routine of A Fighter - Total Shape,上饶师范学院 官网,not-verified,
上饶师范学院,https://www.scribd.com/,8-Week MMA Fight Camp Training Plan,上饶师范学院 官网,not-verified,
上饶师范学院,https://www.verywellfit.com/,MMA Training Program and Workout Tips - Verywell Fit,上饶师范学院 官网,not-verified,
上饶师范学院,https://coachjohanncscs.com/,Fighter Strength and Conditioning Guide: Build Power and …,上饶师范学院 官网,not-verified,
上饶师范学院,https://darebee.com/,Fighter Workouts Collection - DAREBEE,上饶师范学院 官网,not-verified,
上饶师范学院,https://www.getphysical.com/,MMA Fighter Workout Program | MMA Fighter Training Plan,上饶师范学院 官网,not-verified,
上饶师范学院,https://groundedmma.com/,The Daily Routine of a UFC Fighter (For Success) - GroundedMMA,上饶师范学院 官网,not-verified,
上饶师范学院,https://simplifaster.com/,How to Organize and Develop an Effective Training Plan for an MMA Fighter,上饶师范学院 官网,not-verified,
宜春学院,https://www.google.com/,Google,宜春学院 官网,not-verified,
宜春学院,https://about.google/,"About Google: Our products, technology and company information",宜春学院 官网,not-verified,
宜春学院,https://en.wikipedia.org/,Google - Wikipedia,宜春学院 官网,not-verified,
宜春学院,https://apps.apple.com/,‎Google App - App Store,宜春学院 官网,not-verified,
宜春学院,https://blog.google/,The Keyword | Google Product and Technology News and Stories,宜春学院 官网,not-verified,
宜春学院,https://www.facebook.com/,Google - Facebook,宜春学院 官网,not-verified,
宜春学院,https://www.thatquiz.org/,Monte Fuji - Examen,宜春学院 官方网站,not-verified,
宜春学院,https://wordwall.net/,Monte Fuji - Cuestionario - Wordwall,宜春学院 官方网站,not-verified,
井冈山大学,https://www.merriam-webster.com/,VINDICATE Definition & Meaning - Merriam-Webster,井冈山大学 官网,not-verified,
井冈山大学,https://dictionary.cambridge.org/,VINDICATE | definition in the Cambridge English Dictionary,井冈山大学 官网,not-verified,
井冈山大学,https://www.thefreedictionary.com/,Vindicate - definition of vindicate by The Free Dictionary,井冈山大学 官网,not-verified,
井冈山大学,https://www.oxfordlearnersdictionaries.co.uk/,"vindicate verb - Definition, pictures, pronunciation and usage …",井冈山大学 官网,not-verified,
井冈山大学,https://www.collinsdictionary.com/,VINDICATE definition and meaning | Collins English Dictionary,井冈山大学 官网,not-verified,
井冈山大学,https://en.wiktionary.org/,"vindicate - Wiktionary, the free dictionary",井冈山大学 官网,not-verified,
井冈山大学,https://wordfinderword.com/,Vindicate or Vindicate - Word Finder Word,井冈山大学 官网,not-verified,
井冈山大学,https://www.dictionary.com/,VINDICATE Definition & Meaning | Dictionary.com,井冈山大学 官网,not-verified,
陆军步兵学院,https://support.microsoft.com/,Microsoft Support,陆军步兵学院 官网,not-verified,
陆军步兵学院,https://techcommunity.microsoft.com/,What’s New in Microsoft 365 Copilot | March 2026 | Microsoft …,陆军步兵学院 官网,not-verified,
陆军步兵学院,https://www.microsoft.com/,"Microsoft – AI, Cloud, Productivity, Computing, Gaming & Apps",陆军步兵学院 官方网站,not-verified,
陆军步兵学院,https://www.office.com/,Office 365 login,陆军步兵学院 官方网站,not-verified,
陆军步兵学院,https://finance.yahoo.com/,Microsoft Corporation (MSFT) - Yahoo Finance,陆军步兵学院 官方网站,not-verified,
陆军步兵学院,https://account.microsoft.com/,Microsoft account | Sign In or Create Your Account Today – Microsoft,陆军步兵学院 官方网站,not-verified,
陆军步兵学院,https://www.nytimes.com/,Microsoft Targets About 7% of Its U.S. Workers With Buyout Offer,陆军步兵学院 官方网站,not-verified,
陆军步兵学院,https://www.yellowpages.com/,"Microsoft Corporation - Redmond, WA 98052 - The Real Yellow …",陆军步兵学院 官方网站,not-verified,
山东大学,https://www.linguee.es/,cántame - Traducción al inglés – Linguee,山东大学 官网,not-verified,
山东大学,https://context.reverso.net/,CÁNTAME - Traducción al inglés - ejemplos español - Reverso …,山东大学 官网,not-verified,
山东大学,https://www.ingles.com/,Ejemplos de cántame en español | inglés.com,山东大学 官网,not-verified,
山东大学,https://www.spanishdict.com/,Cántame | Spanish to English Translation - SpanishDictionary.com,山东大学 官网,not-verified,
山东大学,https://es.pons.com/,cántame - Traducción español-inglés | PONS,山东大学 官网,not-verified,
山东大学,https://www.linguee.com/,cántame - English translation – Linguee,山东大学 官网,not-verified,
山东大学,https://lingvanex.com/,Cántame - translation Spanish to English - Lingvanex,山东大学 官网,not-verified,
山东大学,https://es.glosbe.com/,"cántame traducción a inglés, diccionario español - inglés | Glosbe",山东大学 官网,not-verified,
济宁医学院,https://my.equifax.com/,myEquifax,济宁医学院 官网,not-verified,
济宁医学院,https://www.equifax.com/,Equifax | Credit Bureau | Check Your Credit,济宁医学院 官网,not-verified,
济宁医学院,https://my.equifax.co.uk/,Equifax,济宁医学院 官网,not-verified,
济宁医学院,https://ignitedirect.equifax.com/,Equifax,济宁医学院 官网,not-verified,
济宁医学院,https://emortgagegateway.equifax.com/,Login - Equifax,济宁医学院 官网,not-verified,
济宁医学院,https://lockandalert.equifax.com/,Lock & Alert - Sign In - Equifax,济宁医学院 官网,not-verified,
济宁医学院,https://business.equifax.com/,Commerce Auth - Equifax,济宁医学院 官网,not-verified,
济宁医学院,https://secure.eeservices.equifax.com/,Login - Equifax,济宁医学院 官网,not-verified,
德州学院,https://www.youtube.com/,YouTube,德州学院 官网,not-verified,
德州学院,https://accounts.google.com/,YouTube - Google Accounts,德州学院 官网,not-verified,
德州学院,https://gizmodo.com/,"Download YouTube (free) for Windows, Android, APK, iOS and ... - Gizmodo",德州学院 官网,not-verified,
德州学院,https://play.google.com/,YouTube - Apps on Google Play,德州学院 官网,not-verified,
德州学院,https://about.youtube/,About YouTube - YouTube,德州学院 官网,not-verified,
德州学院,https://blog.youtube/,Official YouTube Blog for Latest YouTube News & Insights,德州学院 官网,not-verified,
德州学院,https://apps.apple.com/,‎YouTube App - App Store,德州学院 官网,not-verified,
德州学院,https://music.youtube.com/,YouTube Music,德州学院 官网,not-verified,
泰山学院,https://support.microsoft.com/,How to get help in Windows - Microsoft Support,泰山学院 官网,not-verified,
枣庄学院,https://watch.spectrum.net/,Spectrum TV,枣庄学院 官网,not-verified,
枣庄学院,https://www.xfinity.com/,"Watch TV Online, Stream Episodes and Movies | Xfinity Stream",枣庄学院 官网,not-verified,
枣庄学院,https://www.justwatch.com/,Watch TV shows online - JustWatch,枣庄学院 官网,not-verified,
枣庄学院,https://tv.youtube.com/,YouTube TV,枣庄学院 官网,not-verified,
枣庄学院,https://pluto.tv/,Watch Free Live TV Streaming Online | Pluto TV,枣庄学院 官网,not-verified,
枣庄学院,https://www.hulu.com/,Stream TV and Movies Live and Online | Hulu,枣庄学院 官网,not-verified,
枣庄学院,https://tubitv.com/,"Watch Free Live TV, Movies and TV Shows Online | Tubi",枣庄学院 官网,not-verified,
枣庄学院,https://watch.plex.tv/,Watch Movies and TV Shows Free Online - Plex,枣庄学院 官网,not-verified,
潍坊学院,https://www.raymourflanigan.com/,"Raymour & Flanigan - Your Home for Furniture, Mattresses ...",潍坊学院 官网,not-verified,
潍坊学院,https://d.comenity.net/,Raymour & Flanigan Credit Account - Home - Comenity,潍坊学院 官网,not-verified,
潍坊学院,https://mytdfinancing.com/,Manage your Raymour and Flanigan Financing Account,潍坊学院 官网,not-verified,
潍坊学院,https://www.facebook.com/,Raymour & Flanigan Furniture and Mattresses - Facebook,潍坊学院 官网,not-verified,
潍坊学院,https://en.wikipedia.org/,Raymour & Flanigan - Wikipedia,潍坊学院 官网,not-verified,
潍坊学院,https://www.furniture.com/,Raymour & Flanigan Furniture and Mattresses,潍坊学院 官网,not-verified,
潍坊学院,https://support.google.com/,Google Search Help,潍坊学院 官方网站,not-verified,
中国兵器科学研究院(山东非金属材料研究所),,,,no-candidate,
海军潜艇学院,https://www.crv.com.cn/,华润万家欢迎您--引导页,海军潜艇学院 官网,not-verified,
海军潜艇学院,https://appres.crv.com.cn/,华润万家APP下载,海军潜艇学院 官网,not-verified,
海军潜艇学院,https://cpcloud.crv.com.cn/,CR Vanguard Supplier Service System,海军潜艇学院 官网,not-verified,
海军潜艇学院,https://www.reddit.com/,Reddit,海军潜艇学院 官方网站,not-verified,
海军潜艇学院,https://osf.io/,OSF,海军潜艇学院 官方网站,not-verified,
海军潜艇学院,https://www.researchgate.net/,ResearchGate,海军潜艇学院 官方网站,not-verified,
海军航空大学,https://wordwall.net/,Monte Fuji - Cuestionario - Wordwall,海军航空大学 官网,not-verified,
海军航空大学,https://www.thatquiz.org/,Monte Fuji - Examen,海军航空大学 官网,not-verified,
海军航空大学,https://wayground.com/,Mount Fuji Quiz,海军航空大学 官网,not-verified,
海军航空大学,https://ninos.kiddle.co/,Monte Fuji para Niños - Kiddle,海军航空大学 官网,not-verified,
海军航空大学,https://www.bitgab.com/,"Mt. Fuji: More Than a Mountain · Ejercicio de inglés (lectura, nivel ...",海军航空大学 官网,not-verified,
海军航空大学,https://pruebat.org/,Subida al Monte Fuji - pruebat,海军航空大学 官网,not-verified,
海军航空大学,https://kprofiles.com/,BOYNEXTDOOR Members Profile (Updated!) - Kpop Profiles,海军航空大学 官方网站,not-verified,
海军航空大学,https://kpopsingers.com/,"BOYNEXTDOOR Members Profile, Ages, & (Updated Facts!)",海军航空大学 官方网站,not-verified,
信阳师范大学,https://www.eluniversal.com.mx/,Pilates en casa: 5 ejercicios matutinos para iniciar el día; así …,信阳师范大学 官网,not-verified,
信阳师范大学,https://www.reporteindigo.com/,10 hábitos por la mañana para empezar de la mejor manera tu día,信阳师范大学 官网,not-verified,
信阳师范大学,https://www.infobae.com/,4 hábitos sencillos para transformar la mañana y ganar energía desde el ...,信阳师范大学 官网,not-verified,
信阳师范大学,https://www.debate.com.mx/,Estos son los 7 ejercicios para iniciar el día con energía y,信阳师范大学 官网,not-verified,
信阳师范大学,https://www.msn.com/,10 rutinas matutinas que pueden cambiar para siempre tu día a día …,信阳师范大学 官网,not-verified,
信阳师范大学,https://emprendedor.com/,10 rituales matutinos para empezar el día con energía,信阳师范大学 官网,not-verified,
信阳师范大学,https://universeprayers.com/,25 ideas para una rutina matutina simple para comenzar su día,信阳师范大学 官网,not-verified,
信阳师范大学,https://www.clikisalud.net/,Rutinas matutinas para empezar el día con energía,信阳师范大学 官网,not-verified,
郑州航空工业管理学院,https://www.tourismkelowna.com/,"Kelowna, BC | Hotels, Things To Do, Restaurants | #exploreKelowna",郑州航空工业管理学院 官方网站,not-verified,
中国航空研究院(014中心),,,,no-candidate,
中国航空研究院(613所),,,,no-candidate,
中国舰船研究院(洛阳船舶材料研究所),https://www.msn.com/,Fargo lawmaker Liz Conmy killed in Minnesota plane crash - MSN,中国舰船研究院(洛阳船舶材料研究所) 官网,not-verified,
中国舰船研究院(洛阳船舶材料研究所),https://www.fox9.com/,North Dakota Rep. Liz Conmy dies in Brooklyn Park plane crash …,中国舰船研究院(洛阳船舶材料研究所) 官网,not-verified,
中国舰船研究院(洛阳船舶材料研究所),https://apnews.com/,Plane crash kills North Dakota state lawmaker and pilot near ...,中国舰船研究院(洛阳船舶材料研究所) 官网,not-verified,
中国舰船研究院(洛阳船舶材料研究所),https://www.inforum.com/,North Dakota lawmaker Liz Conmy dies in Minnesota plane crash,中国舰船研究院(洛阳船舶材料研究所) 官网,not-verified,
中国舰船研究院(洛阳船舶材料研究所),https://abcnews.com/,Small plane crash near Minneapolis kills North Dakota state …,中国舰船研究院(洛阳船舶材料研究所) 官网,not-verified,
中国舰船研究院(洛阳船舶材料研究所),https://www.cbsnews.com/,"North Dakota lawmaker dies in Crystal, Minnesota, plane crash ...",中国舰船研究院(洛阳船舶材料研究所) 官网,not-verified,
中国舰船研究院(洛阳船舶材料研究所),https://www.kxnet.com/,North Dakota Representative Liz Conmy among two killed in plane crash,中国舰船研究院(洛阳船舶材料研究所) 官网,not-verified,
中国舰船研究院(洛阳船舶材料研究所),https://www.kare11.com/,ND lawmaker dies in small plane crash near Crystal Airport,中国舰船研究院(洛阳船舶材料研究所) 官网,not-verified,
网络空间部队信息工程大学,https://www.usacoinbook.com/,"1892 CC Morgan Silver Dollar Coin Value Prices, Photos & Info",网络空间部队信息工程大学 官网,not-verified,
网络空间部队信息工程大学,https://www.ngccoin.com/,1892 CC $1 MS | Coin Explorer | NGC,网络空间部队信息工程大学 官网,not-verified,
网络空间部队信息工程大学,https://www.pcgs.com/,1892-CC $1 (Regular Strike) Morgan Dollar - PCGS CoinFacts,网络空间部队信息工程大学 官网,not-verified,
网络空间部队信息工程大学,https://www.coinstudy.com/,1892 Morgan Silver Dollar Value | Discover Their Worth - CoinStudy,网络空间部队信息工程大学 官网,not-verified,
网络空间部队信息工程大学,https://www.ebay.com/,1892 Carson City Morgan Dollars for sale | eBay,网络空间部队信息工程大学 官网,not-verified,
网络空间部队信息工程大学,https://www.coinvaluechecker.com/,"1892 Silver Dollar Value (2026 Guide): Errors List, “CC”, “O”, “S”",网络空间部队信息工程大学 官网,not-verified,
网络空间部队信息工程大学,https://stacksbowers.com/,What is the Value of a 1892-CC Morgan Dollar? - Stack's Bowers,网络空间部队信息工程大学 官网,not-verified,
网络空间部队信息工程大学,https://learn.apmex.com/,1892 CC Morgan Silver Dollar Value - APMEX,网络空间部队信息工程大学 官网,not-verified,
中国地质大学(武汉),,,,no-candidate,
湖北美术学院,https://www.amazon.com/,Amazon.com: Amazon Prime,湖北美术学院 官网,not-verified,
湖北美术学院,https://github.com/,GitHub - chat4us/gpt-5: ChatGPT 中文版：国内免费使用 GPT-5 指 …,湖北美术学院 官方网站,not-verified,
湖北美术学院,https://www.reddit.com/,ChatGPT getting very slow with long conversations. : r/ChatGPT,湖北美术学院 官方网站,not-verified,
湖北美术学院,https://gist.github.com/,ChatGPT-Dan-Jailbreak.md · GitHub,湖北美术学院 官方网站,not-verified,
湖北工程学院,http://www.jzxy.hbeu.cn/,学院简介-湖北工程学院建筑学院,湖北工程学院 官网,not-verified,
湖北工程学院,http://cwsf.hbeu.cn:8080/,校园统一支付平台 - hbeu,湖北工程学院 官网,not-verified,
湖北工程学院,http://cjxy.hbeu.cn/,cjxy.hbeu.cn,湖北工程学院 官网,not-verified,
湖北工程学院,https://www.messenger.com/,Messenger,湖北工程学院 官方网站,not-verified,
湖北工程学院,https://web.messenger.com/,Messenger,湖北工程学院 官方网站,not-verified,
湖北理工学院,https://www.voyagemexique.info/,15 Cenotes más bonitos de México | + Consejos | Viaje a México,湖北理工学院 官网,not-verified,
湖北理工学院,https://www.adn40.mx/,Cenotes en México: Dónde están y cómo llegar a los 8 mejores,湖北理工学院 官网,not-verified,
湖北理工学院,https://www.debate.com.mx/,7 cenotes de México que debes nadar antes de que se llenen de …,湖北理工学院 官网,not-verified,
湖北理工学院,https://isnca.org/,20 mejores cenotes de México que debes visitar - ISNCA,湖北理工学院 官网,not-verified,
湖北理工学院,https://www.getyourguide.com/,Los Mejores Cenotes de México: Una Guía Completa,湖北理工学院 官网,not-verified,
湖北理工学院,https://elmomentotabasco.mx/,Cenotes más famosos de México que tienes que visitar,湖北理工学院 官网,not-verified,
湖北理工学院,https://www.escapadah.com/,Cenotes poco explorados del sureste mexicano para adentrarse …,湖北理工学院 官网,not-verified,
湖北理工学院,https://elviajerofeliz.com/,10 cenotes en México imprescindibles - El Viajero Feliz,湖北理工学院 官网,not-verified,
中钢集团武汉安全环保研究院,,,,no-candidate,
中国航空研究院(610所),,,,no-candidate,
航天动力技术研究院(42所),https://www.wclc.com/,WCLC - LOTTO MAX & EXTRA,航天动力技术研究院(42所) 官网,not-verified,
航天动力技术研究院(42所),https://wclc.com/,WCLC/SK - Home,航天动力技术研究院(42所) 官网,not-verified,
航天动力技术研究院(42所),https://shop.hbo.com/,The Sopranos – HBO Shop,航天动力技术研究院(42所) 官方网站,not-verified,
航天动力技术研究院(42所),https://www.hbo.com/,HBO Original Series: View All | HBO Official Site,航天动力技术研究院(42所) 官方网站,not-verified,
中国地震局地震研究所,,,,no-candidate,
中国舰船研究院(武汉数字工程研究所),,,,no-candidate,
中国舰船研究院(中国舰船研究设计中心),,,,no-candidate,
中国舰船研究院(武汉船用电力推进装置研究所),,,,no-candidate,
中国舰船研究院(华中光电技术研究所),,,,no-candidate,
中国舰船研究院(武汉船舶通信研究所),,,,no-candidate,
中国舰船研究院(武汉第二船舶设计研究所),,,,no-candidate,
湖北省社会科学院,https://livingthenourishedlife.com/,Chloe Ting 2 Week Shred Results (My honest review!),湖北省社会科学院 官网,not-verified,
湖北省社会科学院,https://www.reddit.com/,has anyone gotten noticeable results? : r/ChloeTing - Reddit,湖北省社会科学院 官网,not-verified,
湖北省社会科学院,https://femmehobbies.com/,Chloe Ting 2 Week Shred: Honest Results & Real Tips,湖北省社会科学院 官网,not-verified,
湖北省社会科学院,https://chloeting.com/,2021 2 Weeks Shred Challenge - Chloe Ting,湖北省社会科学院 官网,not-verified,
湖北省社会科学院,https://www.youtube.com/,I TRIED THE CHLOE TING 2 Week Shred Challenge with 200 lbs to lose ...,湖北省社会科学院 官网,not-verified,
湖北省社会科学院,https://thezillennialzine.com/,"I Tried A 2 Week Chloe Ting Weight Loss Challenge, Here's My …",湖北省社会科学院 官网,not-verified,
湖北省社会科学院,https://theeverygirl.com/,I Tried Chloe Ting's 2-Week Shred—Here's What I Thought,湖北省社会科学院 官网,not-verified,
湖北省社会科学院,https://caloriehealthy.com/,How Many Calories Does A Chloe Ting Abs Workout Burn?,湖北省社会科学院 官网,not-verified,
海军工程大学,https://wenwen.sogou.com/,海军航空大学官网是什么 - 搜狗问问,海军工程大学 官网,not-verified,
海军工程大学,https://www.accuradio.com/,Country - Listen to Free Radio Stations - AccuRadio,海军工程大学 官方网站,not-verified,
海军工程大学,https://music.youtube.com/,Top 40 Country Songs This Week 2026 - YouTube Music,海军工程大学 官方网站,not-verified,
海军工程大学,https://www.iheart.com/,iHeartCountry | iHeart,海军工程大学 官方网站,not-verified,
海军工程大学,https://www.bandsintown.com/,"Country Concerts & Events in Seattle, WA | Bandsintown",海军工程大学 官方网站,not-verified,
海军工程大学,https://www.songkick.com/,Country Concerts in Seattle | Buy Tickets 2026 & 2027 - Songkick,海军工程大学 官方网站,not-verified,
海军工程大学,https://www.allcountrynews.com/,MUSIC | All Country News,海军工程大学 官方网站,not-verified,
海军工程大学,https://www.acrossthecountry.com/,Country Music News & Artist Interviews | Across the Country,海军工程大学 官方网站,not-verified,
空军预警学院,https://www.solitr.com/,Free online Solitaire,空军预警学院 官网,not-verified,
空军预警学院,http://demo.solitr.com/,Solitaire,空军预警学院 官网,not-verified,
空军预警学院,https://www.81.cn/,空军 - 中国军网,空军预警学院 官方网站,not-verified,
空军预警学院,http://www.mod.gov.cn/,空军 - 中华人民共和国国防部,空军预警学院 官方网站,not-verified,
空军预警学院,https://mil.huanqiu.com/,中国人民解放军空军简介 - 环球网,空军预警学院 官方网站,not-verified,
空军预警学院,https://baike.sogou.com/,中国人民解放军空军 _ 百科,空军预警学院 官方网站,not-verified,
空军预警学院,https://www.chinatimes.com/,空军 -军事 - 中时新闻网,空军预警学院 官方网站,not-verified,
空军预警学院,https://military.cctv.com/,空军雷达兵全要素融合训练 检验实战背景下空情处置能力 ...,空军预警学院 官方网站,not-verified,
火箭军指挥学院,https://hclko.allahabadhighcourt.in/,Consolidated Cause List 28/03/2026,火箭军指挥学院 官网,not-verified,
火箭军指挥学院,https://forums.redflagdeals.com/,"Marks Discussions, Offers & Promotions - RedFlagDeals.com",火箭军指挥学院 官方网站,not-verified,
信息支援部队工程大学,https://devforum.roblox.com/,Completing the Dynamic Head Migration - Announcements,信息支援部队工程大学 官网,not-verified,
信息支援部队工程大学,https://workplace.stackexchange.com/,"How do I list ""fast learner"" as a skill on my resume?",信息支援部队工程大学 官方网站,not-verified,
湖南中医药大学,https://www.youtube.com/,YouTube,湖南中医药大学 官网,not-verified,
湖南中医药大学,https://accounts.google.com/,YouTube - Google Accounts,湖南中医药大学 官网,not-verified,
湖南中医药大学,https://apps.apple.com/,‎App YouTube - App Store,湖南中医药大学 官网,not-verified,
湖南中医药大学,https://blog.youtube/,Blog Oficial de YouTube,湖南中医药大学 官网,not-verified,
湖南中医药大学,https://play.google.com/,YouTube - Apps en Google Play,湖南中医药大学 官网,not-verified,
湖南中医药大学,https://android-youtube.andro.io/,YouTube,湖南中医药大学 官网,not-verified,
湖南中医药大学,https://kfgo.com/,ON AIR | The Mighty 790 KFGO | KFGO,湖南中医药大学 官方网站,not-verified,
湖南中医药大学,https://www.radio.net/,KFGO - The Mighty 790 AM Radio – Listen Live & Stream Online,湖南中医药大学 官方网站,not-verified,
衡阳师范学院,,,,no-candidate,
长沙学院,https://www.unitconverters.net/,Convert km to m,长沙学院 官网,not-verified,
长沙学院,https://www.metric-conversions.org/,Kilometers to Meters conversion: km to m calculator,长沙学院 官网,not-verified,
长沙学院,https://freeunitconvert.com/,1 km in m - Convert 1 Kilometer to Meters,长沙学院 官网,not-verified,
长沙学院,https://www.gigacalculator.com/,Kilometers to Meters Converter - Convert km to m,长沙学院 官网,not-verified,
长沙学院,https://www.calculateme.com/,Convert 1 Kilometer to Meters - CalculateMe.com,长沙学院 官网,not-verified,
长沙学院,https://www.rapidtables.com/,km to meters converter - RapidTables.com,长沙学院 官网,not-verified,
长沙学院,https://www.math.net/,km to m - Math.net,长沙学院 官网,not-verified,
长沙学院,https://www.conversion-metric.org/,Kilometer to Meter Conversion (km to m),长沙学院 官网,not-verified,
湖南城市学院,https://apnews.com/,Donald Trump | Breaking News & Latest Updates | AP News,湖南城市学院 官网,not-verified,
湖南城市学院,https://en.wikipedia.org/,Donald Trump - Wikipedia,湖南城市学院 官网,not-verified,
湖南城市学院,https://www.nbcnews.com/,Donald Trump News: Breaking Headlines and Video on President Trump,湖南城市学院 官网,not-verified,
湖南城市学院,https://www.donaldjtrump.com/,Donald J. Trump - Official Site,湖南城市学院 官网,not-verified,
湖南城市学院,https://nypost.com/,donald trump | Latest News | New York Post,湖南城市学院 官网,not-verified,
湖南城市学院,https://www.whitehouse.gov/,President Donald J. Trump - The White House,湖南城市学院 官网,not-verified,
湖南城市学院,https://www.cnn.com/,Donald J. Trump news | CNN Politics,湖南城市学院 官网,not-verified,
湖南城市学院,https://x.com/,Donald J. Trump (@realDonaldTrump) / Posts / X - Twitter,湖南城市学院 官网,not-verified,
中国航空研究院(608所),,,,no-candidate,
湖南省中医药研究院,https://www.reddit.com/,r/all - Reddit,湖南省中医药研究院 官网,not-verified,
湖南省中医药研究院,https://www.hunan.gov.cn/,湖南概况-湖南省人民政府门户网站,湖南省中医药研究院 官方网站,not-verified,
华南农业大学,https://www.aol.com/,"AOL.com - News, Sports, Weather, Entertainment, Local & Lifestyle",华南农业大学 官网,not-verified,
华南农业大学,https://mail.aol.com/,AOL Mail,华南农业大学 官网,not-verified,
华南农业大学,https://homepage.aol.com/,"News, Politics, Sports, Mail & Latest Headlines - AOL.com",华南农业大学 官网,not-verified,
华南农业大学,https://chatgpt.com/,ChatGPT,华南农业大学 官方网站,not-verified,
华南农业大学,https://openai.com/,Introducing ChatGPT - OpenAI,华南农业大学 官方网站,not-verified,
华南农业大学,https://apps.microsoft.com/,ChatGPT - Free download and install on Windows | Microsoft Store,华南农业大学 官方网站,not-verified,
华南农业大学,https://www.chatt-gptt.com/,ChatGPT - Your AI Assistant,华南农业大学 官方网站,not-verified,
韶关学院,https://www.toyota.com.au/,"Toyota Australia: New Cars, SUVs, 4WDs, Utes, Hybrids",韶关学院 官网,not-verified,
韶关学院,https://www.carsales.com.au/,Toyota cars for sale in Australia - carsales.com.au,韶关学院 官网,not-verified,
韶关学院,https://www.toyota.com/,"New Cars, Trucks, SUVs & Hybrids | Toyota Official Site",韶关学院 官网,not-verified,
韶关学院,https://www.toyotaofseattle.com/,"Toyota Dealer | New and Used Car dealer in Seattle, WA",韶关学院 官网,not-verified,
韶关学院,https://en.m.wikipedia.org/,List of Toyota vehicles - Wikipedia,韶关学院 官网,not-verified,
韶关学院,https://www.drive.com.au/,"Toyota New Car Reviews, News, Models & Prices - Drive",韶关学院 官网,not-verified,
韶关学院,https://www.carsapp.com.au/,"Toyota Model Range, Prices and Specs - CarsApp",韶关学院 官网,not-verified,
韶关学院,https://www.whichcar.com.au/,2026 Toyota RAV4 review: Is it still the benchmark medium SUV?,韶关学院 官网,not-verified,
韩山师范学院,https://support.google.com/,Make Google your homepage - Google Search Help,韩山师范学院 官网,not-verified,
韩山师范学院,https://homesupport.irobot.com/,Why factory reset your robot and how to do it?,韩山师范学院 官方网站,not-verified,
韩山师范学院,https://www.tenforums.com/,Reset Windows 10 | Tutorials - Ten Forums,韩山师范学院 官方网站,not-verified,
岭南师范学院,https://www.reddit.com/,Everything about A4A - Reddit,岭南师范学院 官方网站,not-verified,
星海音乐学院,https://memo.onl.jp/,メモWeb,星海音乐学院 官网,not-verified,
星海音乐学院,https://memo.zatsuzen.com/,Zatsuzen - ブラウザメモ帳,星海音乐学院 官网,not-verified,
星海音乐学院,https://kaisenkun.com/,[ブラウザメモ帳]シンプルで使いやすい！自動保存にも対応 - Laravel,星海音乐学院 官网,not-verified,
星海音乐学院,https://onlinenotep.ad/,オンラインメモ帳 - 無料でメモを書いて保存,星海音乐学院 官网,not-verified,
星海音乐学院,https://apps.apple.com/,‎メモアプリ - App Store,星海音乐学院 官网,not-verified,
星海音乐学院,https://memokun.online/,【ブラウザメモ帳】シンプルで便利なメモサイト,星海音乐学院 官网,not-verified,
星海音乐学院,https://play.google.com/,メモ帳、メモ、リスト、ノート、メモアプリ - Notein,星海音乐学院 官网,not-verified,
星海音乐学院,https://about.kakeru.app/,Kakeru: ブラウザで動く手書きメモアプリ,星海音乐学院 官网,not-verified,
南方科技大学,https://www.merriam-webster.com/,Merriam-Webster: America's Most Trusted Dictionary,南方科技大学 官网,not-verified,
南方科技大学,https://www.howdoyouspell.app/,"How Do You Spell Spell It Right, Right Now",南方科技大学 官网,not-verified,
南方科技大学,https://www.youtube.com/,how to spell: how to learn and remember spellings - YouTube,南方科技大学 官网,not-verified,
南方科技大学,https://dictionary.cambridge.org/,Spelling - Grammar - Cambridge Dictionary,南方科技大学 官网,not-verified,
南方科技大学,https://www.wikihow.com/,4 Ways to Spell - wikiHow,南方科技大学 官网,not-verified,
南方科技大学,https://academichelp.net/,How Do You Spell? - AcademicHelp.net,南方科技大学 官网,not-verified,
南方科技大学,https://www.dictionary.com/,Meanings & Definitions of English Words | Dictionary.com,南方科技大学 官网,not-verified,
南方科技大学,https://prowritingaid.com/,How to Spell Words Correctly (in English) - ProWritingAid,南方科技大学 官网,not-verified,
中共广东省委党校,https://www.yogabasics.com/,High Lunge Pose (Utthita Ashwa Sanchalanasana) Instructions,中共广东省委党校 官网,not-verified,
中共广东省委党校,https://www.yogarenewteachertraining.com/,How to Practice High Lunge | YogaRenew,中共广东省委党校 官网,not-verified,
中共广东省委党校,https://www.tummee.com/,Crescent High Lunge Pose Yoga(High Lunge Pose)| Yoga …,中共广东省委党校 官网,not-verified,
中共广东省委党校,https://adventureyogaonline.com/,High Lunge Benefits & Yoga Pose Tutorial,中共广东省委党校 官网,not-verified,
中共广东省委党校,https://yogajala.com/,High Lunge Pose (Ashta Chandrasana): Form & Benefits - yogajala,中共广东省委党校 官网,not-verified,
中共广东省委党校,https://www.yogajournal.com/,High Lunge: How to Practice the Yoga Pose,中共广东省委党校 官网,not-verified,
中共广东省委党校,https://www.brettlarkin.com/,How To Do High Lunge Pose - Brett Larkin Yoga,中共广东省委党校 官网,not-verified,
中共广东省委党校,https://yogadura.com/,High Lunge Pose Benefits And How To Do It Correctly,中共广东省委党校 官网,not-verified,
广东省心血管病研究所,https://www.prnewswire.com/,Parasail Raises $32M Series A to Build the Supercloud that ...,广东省心血管病研究所 官方网站,not-verified,
广东省心血管病研究所,https://aijourn.com/,Parasail Raises $32M Series A to Build the Supercloud that ...,广东省心血管病研究所 官方网站,not-verified,
广东省心血管病研究所,https://www.thesaasnews.com/,Parasail Raises $32 Million Series A - The SaaS News,广东省心血管病研究所 官方网站,not-verified,
广东省心血管病研究所,https://techcrunch.com/,This startup is betting tokenmaxxing will create the next ...,广东省心血管病研究所 官方网站,not-verified,
广东省心血管病研究所,https://techstartups.com/,Parasail raises $32M to build ‘AI Supercloud’ that deploys ...,广东省心血管病研究所 官方网站,not-verified,
广东省心血管病研究所,https://briefglance.com/,Parasail Raises $32M to Fuel its AI Supercloud for Developers,广东省心血管病研究所 官方网站,not-verified,
广东省心血管病研究所,https://kindredventures.com/,Parasail: The AI Inference Cloud for the Agent Era,广东省心血管病研究所 官方网站,not-verified,
广西医科大学,https://render.otoy.com/,OctaneRender™ for Blender 2025.2.1 - 30.5 [STABLE] - OTOY …,广西医科大学 官网,not-verified,
广西医科大学,https://www.beesource.com/,Beesource Beekeeping Forums,广西医科大学 官方网站,not-verified,
桂林医科大学,https://www.homedepot.com/,The Home Depot,桂林医科大学 官网,not-verified,
桂林医科大学,https://www.storeopeninghours.com/,"The Home Depot Seattle, WA - Store Locator & Hours",桂林医科大学 官网,not-verified,
桂林医科大学,https://www.mystore411.com/,"Home Depot - W Seattle, Washington - Location & Store Hours",桂林医科大学 官网,not-verified,
桂林医科大学,https://www.storesinfo.com/,Home Depot locations & hours near Seattle - StoresInfo,桂林医科大学 官网,not-verified,
桂林医科大学,https://www.tiendeo.us/,Home Depot Stores in Seattle WA | Store Hours & Locations,桂林医科大学 官网,not-verified,
桂林医科大学,https://www.yellowpages.com/,"Home Depot in Seattle, WA - The Real Yellow Pages",桂林医科大学 官网,not-verified,
桂林医科大学,https://usalocator.org/,Home Depot in Seattle (WA) | Home Depot Locations - USA …,桂林医科大学 官网,not-verified,
桂林医科大学,https://www.yelp.com/,"The Home Depot - Seattle, WA",桂林医科大学 官网,not-verified,
陆军特种作战学院,https://www.reddit.com/,St. Louis: Gateway to the West - Reddit,陆军特种作战学院 官网,not-verified,
陆军特种作战学院,https://translate.google.com.mx/,Google Traductor,陆军特种作战学院 官方网站,not-verified,
长江师范学院,https://www.marcos.com/,Marco's Pizza Online Ordering,长江师范学院 官网,not-verified,
长江师范学院,https://www.msn.com/,"MSN | Personalized News, Top Headlines, Live Updates and more",长江师范学院 官方网站,not-verified,
长江师范学院,https://www.microsoft.com/,Download the MSN Mobile app | MSN - microsoft.com,长江师范学院 官方网站,not-verified,
长江师范学院,https://support.microsoft.com/,Welcome to the MSN home page | Microsoft Support,长江师范学院 官方网站,not-verified,
长江师范学院,https://www.ms.now/,MS NOW - Breaking News and News Today | Latest News,长江师范学院 官方网站,not-verified,
长江师范学院,https://play.google.com/,MSN - Apps on Google Play,长江师范学院 官方网站,not-verified,
长江师范学院,https://techcult.com/,How to Restore MSN Homepage – TechCult,长江师范学院 官方网站,not-verified,
重庆中医药学院,https://www.dramabeans.com/,Dramabeans,重庆中医药学院 官网,not-verified,
重庆中医药学院,https://dramabeans.com/,Dramabeans,重庆中医药学院 官网,not-verified,
重庆中医药学院,https://www.bet365.it/,bet365 - Scommesse sportive online,重庆中医药学院 官方网站,not-verified,
重庆中医药学院,https://www.bet365.com/,Serie A Betting & Latest Serie A Odds - bet365,重庆中医药学院 官方网站,not-verified,
重庆中医药学院,https://www.365scores.com/,Italy Serie A: Quote e linee di scommessa - 365Scores,重庆中医药学院 官方网站,not-verified,
重庆中医药学院,https://abruzzolive.it/,In che modo il Bet Builder e lo streaming di Bet365 si inseriscono ...,重庆中医药学院 官方网站,not-verified,
重庆中医药学院,https://www.transfermarkt.it/,Quote vincente Serie A - Quote scudetto oggi - Transfermarkt,重庆中医药学院 官方网站,not-verified,
重庆中医药学院,https://www.scommesse24.net/,Scommetti sulla Serie A con Bet365 - Scommesse24.net,重庆中医药学院 官方网站,not-verified,
陆军军医大学,https://www.self.com/,The 8 Best Strength-Training Exercises for Beginners - SELF,陆军军医大学 官网,not-verified,
陆军军医大学,https://my.bswhealth.com/,Home - MyBSWHealth,陆军军医大学 官方网站,not-verified,
陆军军医大学,https://www.bswhealth.com/,MyBSWHealth Patient Portal | Baylor Scott & White Health,陆军军医大学 官方网站,not-verified,
陆军军医大学,https://mychart.mybswhealth.com/,mychart.mybswhealth.com,陆军军医大学 官方网站,not-verified,
陆军军医大学,http://www.bswhealthplan.com/,Member portals - bswhealthplan.com,陆军军医大学 官方网站,not-verified,
陆军军医大学,https://news.bswhealth.com/,Baylor Scott & White Health | Log In,陆军军医大学 官方网站,not-verified,
联勤保障部队工程大学,https://www.bloomberg.com/,Intel Stake Held by US Government Jumps to $36 Billion After ...,联勤保障部队工程大学 官网,not-verified,
联勤保障部队工程大学,https://www.msn.com/,US government's Intel stake triples to $36B after record rally,联勤保障部队工程大学 官网,not-verified,
联勤保障部队工程大学,https://www.newsbreak.com/,US government’s Intel stake jumps 300% to $36B after CHIPS ...,联勤保障部队工程大学 官网,not-verified,
联勤保障部队工程大学,https://www.binance.com/,"Intel Just Flipped the Script: Earnings Shock, Stock Surge ...",联勤保障部队工程大学 官网,not-verified,
联勤保障部队工程大学,https://www.techmeme.com/,The value of US government's stake in Intel has increased ...,联勤保障部队工程大学 官网,not-verified,
联勤保障部队工程大学,https://www.tradingview.com/,"Key facts: Intel Names Leaders; $27B Govt Stake, 18A Boost ...",联勤保障部队工程大学 官网,not-verified,
联勤保障部队工程大学,https://x.com/,The value of US government's stake in Intel has increased ...,联勤保障部队工程大学 官网,not-verified,
联勤保障部队工程大学,https://pl.ccm.net/,Facebook Messenger na Windows - CCM,联勤保障部队工程大学 官方网站,not-verified,
成都中医药大学,https://www.osfcareers.org/,OSF Healthcare Careers,成都中医药大学 官网,not-verified,
成都中医药大学,https://www.audiobrands.org/,What’s Better Than Bose? Top 10 Audio Champions of 2025,成都中医药大学 官方网站,not-verified,
成都中医药大学,https://www.pcmag.com/,Apple AirPods Max 2 vs. Bose QuietComfort Ultra vs. Sony WH …,成都中医药大学 官方网站,not-verified,
成都中医药大学,https://versus.com/,Bluetooth speaker comparison | Compare portable speakers - Versus,成都中医药大学 官方网站,not-verified,
成都中医药大学,https://www.livingetc.com/,Is Sonos vs Bose Better? Our Sound Expert's Verdict | Livingetc,成都中医药大学 官方网站,not-verified,
成都中医药大学,https://hometheaterreview.com/,Bose Portable Smart Speaker vs Amazon Echo Dot Max Smart Speaker ...,成都中医药大学 官方网站,not-verified,
成都中医药大学,https://www.youtube.com/,Portable Bluetooth Speaker Comparison (2025): Sonos vs Bose vs JBL vs ...,成都中医药大学 官方网站,not-verified,
成都中医药大学,https://techreviewadvisor.com/,Bose vs. JBL Portable Speakers: Which Is Better?,成都中医药大学 官方网站,not-verified,
内江师范学院,https://www.homedepot.com/,The Home Depot,内江师范学院 官网,not-verified,
内江师范学院,https://erppnube.guanajuato.gob.mx/,Guanajuato - SEGUREnet,内江师范学院 官方网站,not-verified,
内江师范学院,https://erpp.guanajuato.gob.mx/,SEGUREnet,内江师范学院 官方网站,not-verified,
内江师范学院,https://inforedguanajuato.com/,ACTUALIZACIÓN EN LOS TRÁMITES Y SERVICIOS DEL REGISTRO …,内江师范学院 官方网站,not-verified,
内江师范学院,https://www.pressreader.com/,"Seguro, patrimonio de guanajuate­nses - PressReader",内江师范学院 官方网站,not-verified,
内江师范学院,https://nube-media.eguanajuato.gob.mx/,MANUAL PARA SEGURENET,内江师范学院 官方网站,not-verified,
宜宾学院,https://thecuriousmillennial.com/,Best Materials for Curling Irons: Heat-Resistant Surfaces That …,宜宾学院 官方网站,not-verified,
宜宾学院,https://www.amazon.com/,Amazon.com: Heat Protector For Curling Iron,宜宾学院 官方网站,not-verified,
宜宾学院,https://mytailorkit.com/,Top 5 Curling Iron Heat Protectants: Your Hair’s Shield,宜宾学院 官方网站,not-verified,
宜宾学院,https://lauralovesbeautyblog.com/,Best Heat Protectant for Curling Irons: Top Picks for Safe Styling,宜宾学院 官方网站,not-verified,
宜宾学院,https://qualityhow.com/,Top 5 Best Heat Protectants for Curling Irons in 2026,宜宾学院 官方网站,not-verified,
宜宾学院,https://officialbreastactives.com/,Best Heat Protectants for Curling Hair: Shield Your Curls From Heat ...,宜宾学院 官方网站,not-verified,
宜宾学院,https://bringyourskintojustice.com/,Best Heat Protectants for Curling Irons: Shield Hair From Heat,宜宾学院 官方网站,not-verified,
宜宾学院,https://pauseny.com/,I Tested the Best Heat Resistant Mat for Curling Irons and Here’s …,宜宾学院 官方网站,not-verified,
乐山师范学院,https://www.psychologytoday.com/,"Psychology Today: Health, Help, Happiness + Find a Therapist",乐山师范学院 官网,not-verified,
乐山师范学院,https://en.wikipedia.org/,Psychology Today - Wikipedia,乐山师范学院 官网,not-verified,
乐山师范学院,https://www.facebook.com/,Psychology Today - Facebook,乐山师范学院 官网,not-verified,
乐山师范学院,https://www.britannica.com/,"Psychology Today | Mental Health, Well-Being & Self-Care ...",乐山师范学院 官网,not-verified,
乐山师范学院,https://refind.com/,The Best of Psychology Today in 2026 - Refind,乐山师范学院 官网,not-verified,
乐山师范学院,https://simple.wikipedia.org/,"Psychology Today - Simple English Wikipedia, the free ...",乐山师范学院 官网,not-verified,
乐山师范学院,https://www.mlb.com/,Official Chicago White Sox Website | MLB.com,乐山师范学院 官方网站,not-verified,
成都体育学院,https://www.fandango.com/,"Movie Showtimes and Theaters near Seattle, WA | Fandango",成都体育学院 官网,not-verified,
成都体育学院,https://www.regmovies.com/,Regal Thornton Place Movie Tickets and Showtimes | Regal,成都体育学院 官网,not-verified,
成都体育学院,https://www.amctheatres.com/,AMC Theatres,成都体育学院 官网,not-verified,
成都体育学院,https://www.cinemark.com/,"Cinemark Theatres | Movie Times, Tickets, Cinemark Locations …",成都体育学院 官网,not-verified,
成都体育学院,https://feverup.com/,Movies in Seattle Theaters Now. Latest Film Releases | Fever,成都体育学院 官网,not-verified,
成都体育学院,https://www.moviefone.com/,SIFF Cinema Downtown Movie Theater | Moviefone,成都体育学院 官网,not-verified,
成都体育学院,https://www.cinemaclock.com/,"Movie Theaters in Seattle, WA | Cinema Directory & Showtimes",成都体育学院 官网,not-verified,
成都体育学院,https://www.showtimes.com/,"Regal Thornton Place & IMAX - Seattle, WA Showtimes and Movie …",成都体育学院 官网,not-verified,
四川音乐学院,,,,no-candidate,
西南民族大学,https://www.openevidence.com/,OpenEvidence,西南民族大学 官网,not-verified,
西南民族大学,https://rev.openevidence.com/,Clinical Answers,西南民族大学 官网,not-verified,
西南民族大学,https://voyoeats.com/,How to Get That Golden-Brown Finish on Wings (7 Tips),西南民族大学 官方网站,not-verified,
西南民族大学,https://chickeninthepan.com/,Perfect Chicken Wings in Oven: The Ultimate Recipe (2025),西南民族大学 官方网站,not-verified,
西南民族大学,https://shungrill.com/,The Perfect Technique For Browning Baked Chicken Wings,西南民族大学 官方网站,not-verified,
西南民族大学,https://grillitbetter.com/,How to Cook Chicken Wings in Grill: Tips for Perfectly Crispy and …,西南民族大学 官方网站,not-verified,
西南民族大学,https://www.foodandwine.com/,"The Best Way to Cook Chicken Wings, According to Our Tests",西南民族大学 官方网站,not-verified,
西南民族大学,https://www.wecookrecipe.com/,5 Secrets to Perfectly Crispy Baked Chicken Wings Every Time,西南民族大学 官方网站,not-verified,
攀枝花学院,https://substack.com/,Substack,攀枝花学院 官网,not-verified,
攀枝花学院,https://en.m.wikipedia.org/,Substack - Wikipedia,攀枝花学院 官网,not-verified,
攀枝花学院,https://play.google.com/,Substack - Apps on Google Play,攀枝花学院 官网,not-verified,
攀枝花学院,https://apps.apple.com/,‎Substack App - App Store,攀枝花学院 官网,not-verified,
攀枝花学院,https://www.substackwritersatwork.com/,Substack Writers at Work with Sarah Fay | Substack,攀枝花学院 官网,not-verified,
攀枝花学院,https://substack.substack.com/,Substack,攀枝花学院 官网,not-verified,
攀枝花学院,https://www.microsoft.com/,"Microsoft – AI, Cloud, Productivity, Computing, Gaming & Apps",攀枝花学院 官方网站,not-verified,
攀枝花学院,https://www.office.com/,Office 365 login,攀枝花学院 官方网站,not-verified,
中国航空研究院(611所),,,,no-candidate,
中国航空研究院(624所),,,,no-candidate,
电信科学技术研究院(第五研究所),https://www.grimygoods.com/,Gwen Stefani Announces Honda Center Concert - Grimy Goods,电信科学技术研究院(第五研究所) 官网,not-verified,
电信科学技术研究院(第五研究所),https://azure.microsoft.com/,Azure Cloud Skills—Trainings and Certifications | Microsoft Azure,电信科学技术研究院(第五研究所) 官方网站,not-verified,
电信科学技术研究院(第五研究所),https://techcommunity.microsoft.com/,Microsoft 365 adds advanced Microsoft Intune solutions at scale ...,电信科学技术研究院(第五研究所) 官方网站,not-verified,
电信科学技术研究院(第五研究所),https://www.techrepublic.com/,Security Archives - TechRepublic,电信科学技术研究院(第五研究所) 官方网站,not-verified,
电信科学技术研究院(第五研究所),https://teams.live.com/,Sign in to your Microsoft account - teams.live.com,电信科学技术研究院(第五研究所) 官方网站,not-verified,
电信科学技术研究院(第五研究所),https://apps.microsoft.com/,Zoom Workplace - Download and install on Windows | Microsoft …,电信科学技术研究院(第五研究所) 官方网站,not-verified,
电信科学技术研究院(第五研究所),https://visualstudio.microsoft.com/,Visual Studio Community | Download Latest Free Version,电信科学技术研究院(第五研究所) 官方网站,not-verified,
电信科学技术研究院(第五研究所),https://support.microsoft.com/,"February 24, 2026—KB5077241 (OS Builds 26200.7922 and …",电信科学技术研究院(第五研究所) 官方网站,not-verified,
贵州医科大学,https://www.openevidence.com/,OpenEvidence,贵州医科大学 官方网站,not-verified,
贵州医科大学,https://rev.openevidence.com/,Clinical Answers,贵州医科大学 官方网站,not-verified,
贵州中医药大学,https://www.womansworld.com/,Get National Pretzel Day Deals: Free Pretzels at Top Chains,贵州中医药大学 官网,not-verified,
贵州中医药大学,https://www.usatoday.com/,National Pretzel Day deals includes freebie at Auntie Anne's,贵州中医药大学 官网,not-verified,
贵州中医药大学,https://www.nationaldaycalendar.com/,"NATIONAL PRETZEL DAY - April 26, 2026 - National Day Calendar",贵州中医药大学 官网,not-verified,
贵州中医药大学,https://nationaltoday.com/,National Pretzel Day –,贵州中医药大学 官网,not-verified,
贵州中医药大学,https://lancasteronline.com/,"National Pretzel Day is Sunday, April 26; here's where to get …",贵州中医药大学 官网,not-verified,
贵州中医药大学,https://www.msn.com/,National Pretzel Day freebies & deals (updated for 2026) - MSN,贵州中医药大学 官网,not-verified,
贵州中医药大学,https://www.awarenessdays.com/,National Pretzel Day 2026: 26 April | Awareness Days,贵州中医药大学 官网,not-verified,
贵州中医药大学,https://sporked.com/,Here Are Your National Pretzel Day Deals (April 26) | Sporked,贵州中医药大学 官网,not-verified,
遵义师范学院,https://www.reddit.com/,Anyone works or has worked for Wellsfargo? : …,遵义师范学院 官网,not-verified,
遵义师范学院,https://www.7-eleven.com/,"Your Convenience Store for Food, Drinks, & Fuel | 7-Eleven",遵义师范学院 官方网站,not-verified,
遵义师范学院,https://corp.7-eleven.com/,About | 7-Eleven,遵义师范学院 官方网站,not-verified,
铜仁学院,,,,no-candidate,
贵阳学院,https://www.amazon.com/,Amazon.com: Crossbody Bag For Mom,贵阳学院 官网,not-verified,
贵阳学院,https://www.scarymommy.com/,The 11 Best Crossbody Bags For Moms - Scary Mommy,贵阳学院 官网,not-verified,
贵阳学院,https://www.stylecraze.com/,11 Best Crossbody Bags For Moms (2026) - Stylecraze,贵阳学院 官网,not-verified,
贵阳学院,https://canvelle.com/,Best Crossbody Bags for Moms: A Practical Guide in 2025,贵阳学院 官网,not-verified,
贵阳学院,https://www.theredheadedtraveler.com/,Best Crossbody Bags For Moms – 2026 Reviews,贵阳学院 官网,not-verified,
贵阳学院,https://backpackbeasts.com/,10 Best Crossbody Bags for Moms – Buyer’s Guide - Backpack …,贵阳学院 官网,not-verified,
贵阳学院,https://shop.lululemon.com/,Crossbody Bags For Moms - lululemon,贵阳学院 官网,not-verified,
贵阳学院,https://www.momdot.com/,BEST Crossbody Bags For Moms: Best Mom Purse Reviews & Guide,贵阳学院 官网,not-verified,
贵州师范学院,https://www.gznc.edu.cn/,贵州师范学院官网,贵州师范学院 官网,not-verified,
贵州师范学院,https://ywtb.gznc.edu.cn/,贵州师范学院统一身份认证中心,贵州师范学院 官网,not-verified,
贵州师范学院,https://zhaosheng.gznc.edu.cn/,gznc - 贵州师范学院招生信息网,贵州师范学院 官网,not-verified,
贵州师范学院,https://jiaowu.gznc.edu.cn/,gznc - 贵州师范学院教务处,贵州师范学院 官网,not-verified,
贵州师范学院,https://graduate.gznc.edu.cn/,gznc - 贵州师范学院研究生院,贵州师范学院 官网,not-verified,
贵州师范学院,https://www.ncqa.org/,National Committee for Quality Assurance,贵州师范学院 官方网站,not-verified,
贵州师范学院,https://reportcards.ncqa.org/,Report Card - NCQA,贵州师范学院 官方网站,not-verified,
中国航天科工集团第十研究院,,,,no-candidate,
大理大学,https://helpforum.sky.com/,Premier Sports App: Now available on Sky Glass & Sky Stream,大理大学 官网,not-verified,
大理大学,https://www.reddit.com/,Reddit - Dive into anything,大理大学 官方网站,not-verified,
大理大学,https://stackoverflow.com/,What does |> (pipe greater than) mean in R? - Stack Overflow,大理大学 官方网站,not-verified,
红河学院,https://www.reddit.com/,"I Broke The 500 Daily Coin Limit! Up to 2,000 Daily Tokens!",红河学院 官网,not-verified,
红河学院,https://myaccountrwd.allstate.com/,My Account - Allstate,红河学院 官方网站,not-verified,
云南财经大学,https://www.nps.gov/,Devils Tower National Monument (U.S. National Park Service),云南财经大学 官网,not-verified,
云南民族大学,https://www.speedtest.net/,Speedtest by Ookla - The Global Broadband Speed Test,云南民族大学 官网,not-verified,
云南民族大学,https://fast.com/,Internet Speed Test | Fast.com,云南民族大学 官网,not-verified,
云南民族大学,https://speedtest.xfinity.com/,Xfinity Speed Test - Check Your Internet Speed,云南民族大学 官网,not-verified,
云南民族大学,https://speed.cloudflare.com/,Internet Speed Test - Measure Network Performance | Cloudflare,云南民族大学 官网,not-verified,
云南民族大学,https://www.highspeedinternet.com/,Internet Speed Test | Check Download & Upload Speeds,云南民族大学 官网,not-verified,
云南民族大学,https://www.testmyspeed.com/,Internet Speed Test - Check Wi-Fi Speed | TestMySpeed.com,云南民族大学 官网,not-verified,
云南民族大学,https://www.att.com/,Internet Speed Test – AT&T Official Site,云南民族大学 官网,not-verified,
云南民族大学,https://fiber.google.com/,Internet Speed Test | Check Broadband Speed | Google Fiber,云南民族大学 官网,not-verified,
玉溪师范学院,https://www.google.com.br/,Google,玉溪师范学院 官网,not-verified,
玉溪师范学院,https://images.google.com.br/,Google Images,玉溪师范学院 官网,not-verified,
玉溪师范学院,https://translate.google.com.br/,Google Tradutor,玉溪师范学院 官网,not-verified,
玉溪师范学院,https://maps.google.com.br/,Google Maps,玉溪师范学院 官网,not-verified,
玉溪师范学院,https://en.wikipedia.org/,My Little Pony: Friendship Is Magic season 4 - Wikipedia,玉溪师范学院 官方网站,not-verified,
昆明贵金属研究所,,,,no-candidate,
西安工程大学,https://www.wikihow.com/,5 Ways to Change Your Voice - wikiHow,西安工程大学 官网,not-verified,
西安工程大学,https://www.medicalnewstoday.com/,"Changing your voice: Tips, exercises, and more - Medical News …",西安工程大学 官网,not-verified,
西安工程大学,https://timbrica.com/,Voice Changer Online Free | Timbrica,西安工程大学 官网,not-verified,
西安工程大学,https://www.healthline.com/,How to Change Your Voice: Recommendations and Tips,西安工程大学 官网,not-verified,
西安工程大学,https://magichour.ai/,"Free AI Voice Changer Online - Change Voice to Male, Female",西安工程大学 官网,not-verified,
西安工程大学,https://murf.ai/,Complete Guide: Changing Your Voice with AI & Practice,西安工程大学 官网,not-verified,
西安工程大学,https://www.voicemod.net/,How to Change Your Voice: The Easiest Solution | Voicemod,西安工程大学 官网,not-verified,
西安工程大学,https://tts.ai/,Free AI Voice Changer Online - Transform Your Voice with AI,西安工程大学 官网,not-verified,
陕西中医药大学,https://en.wikipedia.org/,2026 Winter Olympics - Wikipedia,陕西中医药大学 官网,not-verified,
陕西中医药大学,https://www.olympics.com/,"Winter Olympics 2026 - News, Schedules, Results - Milano Cortina 2026",陕西中医药大学 官网,not-verified,
陕西中医药大学,https://www.usatoday.com/,"2026 Winter Olympics: Start dates, locations, how to watch",陕西中医药大学 官网,not-verified,
陕西中医药大学,https://www.nbcolympics.com/,Final medal count at the 2026 Milan Cortina Winter Olympics and ...,陕西中医药大学 官网,not-verified,
陕西中医药大学,https://www.msn.com/,Winter Olympics 2026 schedule: Dates & times to watch each,陕西中医药大学 官网,not-verified,
陕西中医药大学,https://www.britannica.com/,Milano Cortina 2026 Olympic Winter Games - Encyclopedia …,陕西中医药大学 官网,not-verified,
陕西中医药大学,https://www.nytimes.com/,2026 Winter Olympics events schedule - The Athletic,陕西中医药大学 官网,not-verified,
陕西中医药大学,https://travel.state.gov/,DS-260 Immigrant Visa Electronic Application - Travel,陕西中医药大学 官方网站,not-verified,
咸阳师范学院,https://mail.google.com/,Gmail,咸阳师范学院 官网,not-verified,
咸阳师范学院,https://mail.yahoo.com/,Yahoo Mail | Email with smart features and top-notch security,咸阳师范学院 官方网站,not-verified,
咸阳师范学院,https://www.yahoo.com/,Yahoo,咸阳师范学院 官方网站,not-verified,
咸阳师范学院,https://help.yahoo.com/,Sign in or out of Yahoo | Yahoo Help,咸阳师范学院 官方网站,not-verified,
咸阳师范学院,https://mobile.yahoo.com/,Download Yahoo Mail App | Yahoo Mobile,咸阳师范学院 官方网站,not-verified,
咸阳师范学院,https://au.mobile.yahoo.com/,Yahoo Mail | Yahoo7 Apps. Mobile made beautiful.,咸阳师范学院 官方网站,not-verified,
咸阳师范学院,https://ca.mobile.yahoo.com/,Yahoo Mail App | Yahoo Mobile CA,咸阳师范学院 官方网站,not-verified,
咸阳师范学院,https://play.google.com/,Yahoo Mail: Email & Planner - Apps on Google Play,咸阳师范学院 官方网站,not-verified,
西安文理学院,https://www.pbs.org/,More countries are turning to nuclear power 40 years after ...,西安文理学院 官网,not-verified,
西安文理学院,https://apnews.com/,More countries are turning to nuclear power 40 years after ...,西安文理学院 官网,not-verified,
西安文理学院,https://www.yahoo.com/,More countries are turning to nuclear power 40 years after ...,西安文理学院 官网,not-verified,
西安文理学院,https://www.usnews.com/,More Countries Are Turning to Nuclear Power 40 Years After ...,西安文理学院 官网,not-verified,
西安文理学院,https://www.dailynews.com/,More countries turn to nuclear power 40 years after Chernobyl ...,西安文理学院 官网,not-verified,
西安文理学院,https://hagadonenewsnetwork.com/,More countries are turning to nuclear power 40 years after ...,西安文理学院 官网,not-verified,
西安文理学院,https://www.whec.com/,More countries are turning to nuclear power 40 years after ...,西安文理学院 官网,not-verified,
西安文理学院,https://forum.lowyat.net/,Is Whatsapp web down? - Lowyat.NET,西安文理学院 官方网站,not-verified,
商洛学院,https://github.com/,GitHub - chat4us/gpt-5: ChatGPT 中文版：国内免费使用 GPT-5 指 …,商洛学院 官网,not-verified,
商洛学院,https://www.reddit.com/,ChatGPT getting very slow with long conversations. : r/ChatGPT,商洛学院 官网,not-verified,
商洛学院,https://gist.github.com/,ChatGPT-Dan-Jailbreak.md · GitHub,商洛学院 官网,not-verified,
商洛学院,https://support.microsoft.com/,Microsoft Support,商洛学院 官方网站,not-verified,
商洛学院,https://techcommunity.microsoft.com/,What’s New in Microsoft 365 Copilot | March 2026 | Microsoft …,商洛学院 官方网站,not-verified,
西安热工研究院有限公司,https://my-location.org/,My Location Now - Where am I Right Now?,西安热工研究院有限公司 官网,not-verified,
西安热工研究院有限公司,https://maps.google.com/,Google Maps,西安热工研究院有限公司 官网,not-verified,
西安热工研究院有限公司,https://iplocation.io/,My Location - Where Am I?,西安热工研究院有限公司 官网,not-verified,
西安热工研究院有限公司,https://wheremylocation.com/,My Location - Find Where I Am Now,西安热工研究院有限公司 官网,not-verified,
西安热工研究院有限公司,https://www.gps-coordinates.net/,My Location - What is my current location? Where am I? - GPS …,西安热工研究院有限公司 官网,not-verified,
西安热工研究院有限公司,https://gps-coordinates.org/,My Location - What is My Location Now - GPS Coordinates,西安热工研究院有限公司 官网,not-verified,
西安热工研究院有限公司,https://www.where-am-i.co/,WHERE AM I - See My Location Now on Google Maps,西安热工研究院有限公司 官网,not-verified,
西安热工研究院有限公司,https://whatmylocation.com/,My Location Now - What is My Current Location?,西安热工研究院有限公司 官网,not-verified,
中国航空研究院(603所),,,,no-candidate,
中国航空研究院(623所),,,,no-candidate,
中国航空研究院(630所),,,,no-candidate,
中国航空研究院(631所),,,,no-candidate,
中国航空研究院(618所),,,,no-candidate,
中国兵器科学研究院(西安近代化学研究所),,,,no-candidate,
中国兵器科学研究院(西安应用光学研究所),,,,no-candidate,
中国兵器科学研究院(西安机电信息技术研究所),,,,no-candidate,
中国兵器科学研究院(陕西应用物理化学研究所),,,,no-candidate,
中国兵器科学研究院(西北机电工程研究所),,,,no-candidate,
中国兵器科学研究院(西安现代控制技术研究所),,,,no-candidate,
中国兵器科学研究院(西安电子工程研究所),,,,no-candidate,
中国航天科工集团第二研究院(16所),,,,no-candidate,
航天动力技术研究院,https://geekchamp.com/,How to See All Bing Related Searches - GeekChamp,航天动力技术研究院 官网,not-verified,
航天动力技术研究院,https://macmyths.com/,How To See All Bing Related Searches - MacMyths,航天动力技术研究院 官网,not-verified,
航天动力技术研究院,https://www.microsoft.com/,Microsoft Bing | Get to know Bing,航天动力技术研究院 官网,not-verified,
航天动力技术研究院,https://www.icrossing.com/,Bing Related Searches: Usage Analysis - iCrossing,航天动力技术研究院 官网,not-verified,
航天动力技术研究院,https://www.positioniseverything.net/,How To See All Bing Related Searches - Position Is Everything,航天动力技术研究院 官网,not-verified,
航天动力技术研究院,https://www.thewindowsclub.com/,How to disable Related Matches in Find on Page in Edge,航天动力技术研究院 官网,not-verified,
航天动力技术研究院,https://www.freeseoauditservices.com/,Bing Tests New Labels for Related Searches Feature,航天动力技术研究院 官网,not-verified,
航天动力技术研究院,https://www.seroundtable.com/,Bing Tests Related Search Interfaces,航天动力技术研究院 官网,not-verified,
中国空间技术研究院(西安分院),,,,no-candidate,
西安微电子技术研究所,https://www.andover.bank/,Community Banking in Ohio and Pennsylvania | Andover Bank,西安微电子技术研究所 官网,not-verified,
西安微电子技术研究所,https://www.goasb.com/,Online Banking | Secure 24/7 Account Access | ASB - Andover State Bank,西安微电子技术研究所 官网,not-verified,
西安微电子技术研究所,https://play.google.com/,Andover Mobile Banking - Apps on Google Play,西安微电子技术研究所 官网,not-verified,
西安微电子技术研究所,https://www.olb-ebanking.com/,Online Banking,西安微电子技术研究所 官网,not-verified,
西安微电子技术研究所,https://web4.ibtapps.com/,Online Banking - Log On,西安微电子技术研究所 官网,not-verified,
西安微电子技术研究所,https://nds.onlinecu.com/,The Andovers FCU • Home Banking,西安微电子技术研究所 官网,not-verified,
西安微电子技术研究所,https://en.wikipedia.org/,Bilibili - Wikipedia,西安微电子技术研究所 官方网站,not-verified,
西安微电子技术研究所,https://help.aol.com/,Accessing AOL Sites or Apps Using Windows 10,西安微电子技术研究所 官方网站,not-verified,
中国航天科技集团有限公司第六研究院第十一研究所,,,,no-candidate,
电信科学技术第四研究所(西安),https://www.boursier.com/,"Cours action Renault, cotation Bourse en direct RNO",电信科学技术第四研究所(西安) 官网,not-verified,
电信科学技术第四研究所(西安),https://www.nytimes.com/,Tillis Prepared to Advance Fed Nominee after Justice Dropped ...,电信科学技术第四研究所(西安) 官方网站,not-verified,
电信科学技术第四研究所(西安),https://www.nbcnews.com/,Sen. Thom Tillis drops blockade of Trump's Fed chair nominee ...,电信科学技术第四研究所(西安) 官方网站,not-verified,
电信科学技术第四研究所(西安),https://www.cnbc.com/,"DOJ ends Powell probe, boost for Trump’s Fed pick Warsh - CNBC",电信科学技术第四研究所(西安) 官方网站,not-verified,
电信科学技术第四研究所(西安),https://www.pbs.org/,Justice Department drops criminal probe of Fed chair Powell ...,电信科学技术第四研究所(西安) 官方网站,not-verified,
电信科学技术第四研究所(西安),https://www.cbsnews.com/,Justice Department drops probe into Fed Chair Jerome Powell,电信科学技术第四研究所(西安) 官方网站,not-verified,
电信科学技术第四研究所(西安),https://www.usatoday.com/,Justice Department ends investigation into Fed Chair Jerome ...,电信科学技术第四研究所(西安) 官方网站,not-verified,
电信科学技术第四研究所(西安),https://www.businessinsider.com/,"DOJ Drops Probe Against Powell, Paves Way for Warsh ...",电信科学技术第四研究所(西安) 官方网站,not-verified,
中国舰船研究院(西安精密机械研究所),,,,no-candidate,
中共陕西省委党校,https://www.whatsapp.com/,WhatsApp - Official Site,中共陕西省委党校 官网,not-verified,
中共陕西省委党校,https://web.whatsapp.com/,WhatsApp Web,中共陕西省委党校 官网,not-verified,
中共陕西省委党校,https://wa.me/,WhatsApp - wa.me,中共陕西省委党校 官网,not-verified,
中共陕西省委党校,https://play.google.com/,WhatsApp Messenger - Apps on Google Play,中共陕西省委党校 官网,not-verified,
中共陕西省委党校,https://apps.microsoft.com/,WhatsApp - Free download and install on Windows | Microsoft …,中共陕西省委党校 官网,not-verified,
中共陕西省委党校,https://apps.apple.com/,WhatsApp Messenger - App Store,中共陕西省委党校 官网,not-verified,
中共陕西省委党校,https://gizmodo.com/,"Download WhatsApp (free) for Windows, macOS, Android, APK ...",中共陕西省委党校 官网,not-verified,
中共陕西省委党校,https://zone.msn.com/,Microsoft Casual Games - The Zone,中共陕西省委党校 官方网站,not-verified,
火箭军工程大学,https://honeytoon.com/,Honeytoon | Read Comics Online: Manga & Manhwa Comics,火箭军工程大学 官网,not-verified,
火箭军工程大学,https://london.ca/,Recycling | City of London,火箭军工程大学 官方网站,not-verified,
火箭军工程大学,https://apps.london.ca/,Main Dashboard - City of London,火箭军工程大学 官方网站,not-verified,
武警工程大学,https://www.carfax.com/,Used 2018 Toyota Camry for Sale Near Me - CARFAX,武警工程大学 官网,not-verified,
武警工程大学,https://www.edmunds.com/,"Used 2018 Toyota Camry for Sale in Des Moines, IA | Edmunds",武警工程大学 官网,not-verified,
武警工程大学,https://www.cargurus.com/,"Used 2018 Toyota Camry for Sale near Des Moines, IA - CarGurus",武警工程大学 官网,not-verified,
武警工程大学,https://www.kbb.com/,Used 2018 Toyota Camry - Kelley Blue Book,武警工程大学 官网,not-verified,
武警工程大学,https://www.cars.com/,"Used 2018 Toyota Camry for sale near Des Moines, IA - Cars.com",武警工程大学 官网,not-verified,
武警工程大学,https://www.toyotadm.com/,"2018 Toyota Camry for Sale near Des Moines, IA - Toyota of Des Moines",武警工程大学 官网,not-verified,
武警工程大学,https://www.autotrader.com/,Used 2018 Toyota Camry for Sale Near Me - Autotrader,武警工程大学 官网,not-verified,
武警工程大学,https://www.carvana.com/,Used 2018 Toyota Camry for Sale Online | Carvana,武警工程大学 官网,not-verified,
西北核技术研究所,https://answers.microsoft.com/,Microsoft Community,西北核技术研究所 官网,not-verified,
西北核技术研究所,https://www.reddit.com/,What are your favorite ACTUAL EASY recipes? - Reddit,西北核技术研究所 官方网站,not-verified,
兰州城市学院,https://sante-medecine.journaldesfemmes.fr/,Été 2025: Situation actuelle de l'épidémie de Covid en France,兰州城市学院 官网,not-verified,
兰州城市学院,https://www.patheos.com/,Quote Of The Day (Tony Campolo) | James McGrath - Patheos,兰州城市学院 官方网站,not-verified,
中国空间技术研究院(510所),,,,no-candidate,
天华化工机械及自动化研究设计院有限公司,https://www.city-data.com/,How to get grocery stores weekly circular fliers delivered to your ...,天华化工机械及自动化研究设计院有限公司 官网,not-verified,
天华化工机械及自动化研究设计院有限公司,https://www.timeanddate.com/,Pacific Standard Time – PST Time Zone - timeanddate.com,天华化工机械及自动化研究设计院有限公司 官方网站,not-verified,
天华化工机械及自动化研究设计院有限公司,https://time.is/,Pacific Standard Time,天华化工机械及自动化研究设计院有限公司 官方网站,not-verified,
天华化工机械及自动化研究设计院有限公司,https://24timezones.com/,PST time zone — Pacific Standard Time,天华化工机械及自动化研究设计院有限公司 官方网站,not-verified,
天华化工机械及自动化研究设计院有限公司,https://worldclocklive.com/,PST Time Now — Pacific Standard Time - World Clock Live,天华化工机械及自动化研究设计院有限公司 官方网站,not-verified,
天华化工机械及自动化研究设计院有限公司,https://en.m.wikipedia.org/,Pacific Time Zone - Wikipedia,天华化工机械及自动化研究设计院有限公司 官方网站,not-verified,
天华化工机械及自动化研究设计院有限公司,https://psttime.us.com/,PST Time Now - Current Pacific Standard Time | Live PST Clock,天华化工机械及自动化研究设计院有限公司 官方网站,not-verified,
天华化工机械及自动化研究设计院有限公司,https://www.worlddata.info/,PST timezone: the Pacific Time - Worlddata.info,天华化工机械及自动化研究设计院有限公司 官方网站,not-verified,
兰州生物制品研究所,https://www.facebook.com/,Log into Facebook,兰州生物制品研究所 官网,not-verified,
兰州生物制品研究所,https://en-gb.facebook.com/,Facebook,兰州生物制品研究所 官网,not-verified,
兰州生物制品研究所,https://l.facebook.com/,Facebook,兰州生物制品研究所 官网,not-verified,
兰州生物制品研究所,https://upload.facebook.com/,Creating an Account | Facebook Help Center,兰州生物制品研究所 官网,not-verified,
兰州生物制品研究所,https://support.microsoft.com/,Using Cortana in Windows - Microsoft Support,兰州生物制品研究所 官方网站,not-verified,
兰州生物制品研究所,https://learn.microsoft.com/,Hey Cortana - Microsoft Q&A,兰州生物制品研究所 官方网站,not-verified,
兰州生物制品研究所,https://copilot.microsoft.com/,Microsoft Copilot: Your AI companion,兰州生物制品研究所 官方网站,not-verified,
兰州生物制品研究所,https://techcommunity.microsoft.com/,Hey Cortana... introducing our latest Microsoft To-Do integration ...,兰州生物制品研究所 官方网站,not-verified,
新疆医科大学,,,,no-candidate,
